img_id,anno_image_quality,anno_texts
mcocr_private_145120aahvv.jpg,0.5,"MINIMART ANAN|||Thu Chợ Sủi Phù Thị Gia Lâm Thị|||Ngày: 13/08/2020-17:52|||Tổng tiền|||146,010"
mcocr_private_145120adyuf.jpg,0.5,"|||Cấm Phà Quảng Ninh|||ĐƯỜNG 3/9/39|||Ngày:|||25/07/2020 16:32.52|||Tổng tiền (VND):|||110,000"
mcocr_private_145120aedhd.jpg,0.5,"||||||11:15:75|||TỔNG CỘNG:|||UND63, 200"
mcocr_private_145120ahyvq.jpg,0.5,"sieu thi bach hoa tong hop|||Sò 5 Căm Tây - Cầm Phá - AN|||10 Tch 020,3781199.Website|||Ngày: 09/08/2020-16:|||10 Tch 020,3781199.Website|||Tổng cộng (đã gồm VAT):|||52,000"
mcocr_private_145120amcnb.jpg,0.5,"Vincommerce|||VM+ QNH Tố 7, Khu Minh Tiền A|||Tổ 7, Khu Minh Tiền Á|||P. Cầm Bình, TP. Cầm Phá, QNH|||Ngày:10/08/2020|||Thời gian:10:09|||"
mcocr_private_145120aorof.jpg,0.5,"Vincommerce|||VM+ QNH Tô 7, Khu Minh Tiền A|||Tố7, Khu Minh Tiền Á|||P. Cấm Bình, TP. Câm Pha, QNH|||Ngày bán:15/08/2020 08:00|||TỔNG TIỀN PHẢI T. TOÁN|||29.000"
mcocr_private_145120apnkj.jpg,0.5,"MINIMARTANANA|||Chợ Sùi Phú Thị Gia Lâm|||Ngày: 11/08/2020-10:26|||Tổng cộng:|||Tổng tiền:|||56,000"
mcocr_private_145120avxlw.jpg,0.5,dec offee to gon|||331 Nguyễn Trọng Tuyển|||13/08/2020 05:47:13ch|||TỔNG CỘNG|||39.000
mcocr_private_145120azonx.jpg,0.5,"Vincommerce|||VM+ QNH Tố7, Khu Minh Tiền Ả|||Tê 7, Khu Minh Tiền A|||P. Cầm Bình, TP. Cấm Phà, QNH|||Ngày bán:14/08/2020 15:48|||TỔNG TIỀN PHẢI T.TOÁN|||104.800"
mcocr_private_145120azxzl.jpg,0.5,NHÀ SÁCH GD-TC CẤM PHẢ|||19 Đc: 212 Đường Trấn Phú-Cẩm Phả|||Thời gian:10:43:17 - 15/08/2020|||- Tổng số thanh toán:|||97.000
mcocr_private_145120bdbex.jpg,0.5,"A MINIMART ANAN|||Chợ Sủi Phú Thị Gia Lâm|||Ngày: 11/08/2020-19:39|||Tổng tiền|||229,032"
mcocr_private_145120bgmgl.jpg,0.5,"Vincommerce|||VM+ QNH Tổ 7, Khu Minh Tiền A|||Tố 7, Khu Minh Tiền Ả|||P. Câm Bình, TP. Cầm Phà, QNH|||Ngày bán:14/08/2020 16:40|||TỔNG TIỀN PHẢI T. TOÁN|||4.500"
mcocr_private_145120bgndj.jpg,0.5,"|||NUM DRUG NG|||UA MA QM, NH||||||TỔNG CỘNG:|||UND16,720"
mcocr_private_145120bgplh.jpg,0.5,||||||NGÀY HỆ THỐNG:08/08/2020 22:43|||Tổng thanh toán|||Tổng Tiền|||B.122.545|||18.050.545
mcocr_private_145120biprv.jpg,0.5,"Vincommerce|||VM+ QNH 1060-1062 Trần Phú|||Số 1060-1062 Đường Trân Phú|||TP. Càm Phá, Quảng Ninh|||Ngày bán:15/08/2020 07:20|||TỔNG TIỀN PHẢI T. TOÁN|||200.000"
mcocr_private_145120bnzpf.jpg,0.5,"Vincommerce|||VM+ QNH 1060-1052 Trần Phú|||Đó Số 1060-1062 Đường Trần Phú|||TP. Cầm Pha, Quang Ninh|||Ngày bán:13/08/2020 18:19|||TỔNG TIỀN PHẢI T.TOÁN|||101.300"
mcocr_private_145120bokpe.jpg,0.5,11: CDu2 FITTICIAR 4|||Co.opMart XA LO HA No|||191 Quang Trung Q.9|||Ngay: 21/07/2020|||Tong so tien thanh toan:
mcocr_private_145120bsynb.jpg,0.5,"Vincommerce|||T67, Khu Minh Tiền A|||P. Cẩm Bình, TP. Cẩm Phà, QNH|||Ngày bán:13/08/2020 12:32|||TỔNG TIỀN PHẢI T.TOÁN|||23.500"
mcocr_private_145120btfhn.jpg,0.5,"MILANO COFFEE|||Milano Coffee Vietnam|||186 Cây Trâm, P.11, Q.Gò Vấp, TP.HCM|||02.10.2020 15.37|||Tiền Thanh Toán:|||15 000"
mcocr_private_145120bxrwi.jpg,0.5,"Cty LD TNH KFC Viet Nam|||292 Ba Trieu, Hai Ba Trung, Ha N|||-2 CLOSED 15 AUG 20 18:56:20--|||Total:|||83,000"
mcocr_private_145120caqdr.jpg,0.5,"Vincommerce|||VM+ QNH DỰ án KDC lần biên coc 6|||DA khu DCLB cọc 6, P. Càm Sơn|||TP. Cám Phà, T. Quang Ninh|||Ngày bán:14/08/2020 20:45|||TỔNG TIỀN PHẢI T. TOÁN|||103.872"
mcocr_private_145120casxx.jpg,0.5,|||ĐƯU ĐÀM CHAY|||34 Hàng Bài - Hà Nội|||Ngày|||Giờ mở: 12:24 CH|||Thành Tiền (VND)|||125.000
mcocr_private_145120cbske.jpg,0.5,"Vncommerce|||VM+ QNH TỐT, KỲ MINH TIỀN|||Cấm Đình TP.CM Hu, UH|||Ngày bán: 13/0B/2020 17:31|||TỔNG TIỀN PHẢI T. TOÁN|||21.542"
mcocr_private_145120cbyep.jpg,0.5,"Vincommerce|||VM+ QNH Tố 7, Khu Minh Tiền A|||Tô 7, Khu Minh Tiền A|||P. Cẩm Bình, TP. Cẩm Phá, QNH|||Ngày bán:09/08/2020 18:03|||TỔNG TIỀN PHẢI T. TOÁN|||70.400"
mcocr_private_145120cgsjj.jpg,0.5,"Phúc Anh Minimart|||1948 348 Cô Bi - Gia Lâm - Hà Nội Nội|||Ngày:23-00|||Khách phải trả|||327,000"
mcocr_private_145120cjdfp.jpg,0.5,"Vincommerce|||VM+ QNH Tô 7, Khu Minh Tiền A|||T67, Khu Minh Tiền Ả|||P. Cảm Bình, TP. Cầm Pha, QNH|||Ngày bán:15/08/2020 09:17|||TỔNG TIỀN PHẢI T. TOÁN|||48.900"
mcocr_private_145120cksbv.jpg,0.5,NHÀ SÁCH GD-TC CẨM PHẢ|||Đc: 212 Đường Trần Phú-Cẩm Phả|||Thời gian:07:44:54 - 11/08/2020|||Tổng số thanh toán:
mcocr_private_145120mnfhj.jpg,0.5,TRONG SCTC CÓ THỎ 104 TRẦN PHÚ - CẨM THẾ|||PHẢ|||104 Trăn Phú - phường Cẩm Tây - Thành phố Cấm Thế|||Phá - Quảng Ninh|||Ngày: 09/08/20:0 (08:09 CHỉ- 08.09 CH)|||Tổng thanh toán|||25.000
mcocr_private_145120mobxm.jpg,0.5,"Saigon Co.op|||Co.0p Food HN THE K-PARK|||Tang 1, SH42|||ket hop dich vu tr3, Long (H-CT2 thuoc|||Toa K3, Cong trinh chung cu|||Đầu Dầu tuy trong p. dân có Hi Brand|||Ngay: 19/09/2019 18:17:43|||Tong so tien thanh toan:|||30,265.00"
mcocr_private_145120moljt.jpg,0.5,"Saigon Co.op|||Co op Food HN THE K-PARK|||Tang 1, SH42 - Toa K3, Cong trinh chung cu|||ket hop dich vu tren o dat H-cT2 thuoc|||Du an Dau tu xay dung Khu nha o Hi Brand|||P. Phu Lay Qu Ha Dong, Tp Ha Noi|||Ngay: 19/09/2019 18:37:23|||Tong so tien thanh toan:|||169,190.00"
mcocr_private_145120mwmhc.jpg,0.5,"Saigon Co.op|||Co.op Food HN THE K-PARK|||Tang 1,SH42 - Toa K3,Cong trinh chung cu|||the ket hop dich vu tren o dat H-CT2 thuoc|||Du an Dau tu xay dung Khu nha o Hi Brand|||tai Khu do thi moi Van Phu,|||P. Phu La, Q. Ha Dong, Tp Ha Noi|||Ngay: 19/09/2019 18:37:23|||Tong so tien thanh toan:|||169,190.00"
mcocr_private_145120nbtnw.jpg,0.5,"In the coffee house|||403 Phan Huy Ích, P.14, Q.Gò Vấp|||Thời gian:01.10.2020 08.59 Số HĐ: 19810000172020|||Thanh Toán:|||58 000|||58 000"
mcocr_private_145120ndgdc.jpg,0.5,"Vincommerce|||VM+ HN1 32 Láng Trung|||Số 32 ngô Làng Trung, P. Lãng Hạ|||Q. Đồng Đa, Hà Nội|||Ngày bán:22/07/2020 20:43|||TỔNG TIỀN PHẢI T. TOÁN|||27.500"
mcocr_private_145120nhkcx.jpg,0.5,"MINIMART ANAN|||Chợ Sủi Phú Thị Gia Lâm|||Ngày: 10/08/2020-16:07|||Tổng cộng:|||119,000"
mcocr_private_145120nlxbq.jpg,0.5,"Vincommerce|||VM+ QNH Dự án quỹ đất đường sắt|||DA QĐ dọc tuyên ĐS Tô 3 Khu 2|||P. Cầm Sơn, TP. Cầm Phà, T. QN|||Ngày bán:15/08/2020 11:01|||TỔNG TIỀN PHẢI T. TOÁN|||12.000"
mcocr_private_145120nsnxf.jpg,0.5,"Vincommerce|||VM+ QNH Tô 7, Khu Minh Tiền A|||Tố 7, Khu Minh Tiền A|||P. Cẩm Bình, TP. Cầm Pha, QNH|||Ngày bán:15/08/2020 07:10|||TỔNG TIỀN PHẢI T.TOÁN|||101.500"
mcocr_private_145120nvize.jpg,0.5,"Tiệm Đười|||Xuân|||244/23a Huỳnh Văn Bánh, P.11, Q.PN|||Ngày/ giờ vào: 05.10.2020 18.33|||Ngày/ giờ ra:|||Ngày/giờ in: 05.10.2020 18.34|||Tiền Thanh Toán|||37 800"
mcocr_private_145120nwfxv.jpg,0.5,"Vincommerce|||VM+ QNH 500 Trần Phú|||Sỏ 590 Trần Phú, P. Cầm Thủy|||TP. Câm Phả, Quảng Ninh|||Ngày bán:15/08/2020 07:43|||TỔNG TIỀN PHẢI T. TOÁN|||31.320"
mcocr_private_145120nwmjf.jpg,0.5,NHÀ SÁCH GD-TC CẨM PHẢ|||2012 Đc: 212 Đường Trấn Phú-Cẩm Phả|||Thời gian:09:59:51 - 15/08/2020|||Tổng số thanh toán|||22.000
mcocr_private_145120nwttp.jpg,0.5,"Vincommerce|||VM+ QNH Tô 7, Khu Minh Tiền Ả Nam|||Tổ 7, Khu Minh Tiền A|||P. Cẩm Bình, TP. Cầm Phà, QNH|||Ngày:09/08/2020|||"
mcocr_private_145120nyytp.jpg,0.5,"Vincommerce|||VM+ QNH T67, Khu Minh Tiền A|||T67, Khu Minh Tiền Á|||P. Cẩm Bình, TP. Cầm Pha, QNH|||Ngày bán:13/08/2020 17:53|||TỔNG TIỀN PHẢI T. TOÁN|||13.000"
mcocr_private_145120okqnl.jpg,0.5,"MINIMARTANANT|||Chợ Sửi Phú Thị Gia Làm Đội||||||Tổng cộng|||151,000"
mcocr_private_145120oogln.jpg,0.5,"Vincommerce|||VM+ QNH Tố 7, Khu Minh Tiền A|||Tổ 7, Khu Minh Tiền Á|||A Cảm Bình, TP. Cầm Phà, QNH|||Ngày bán:14/08/2020 16:21|||TỔNG TIỀN PHẢI T. TOÁN|||10.000"
mcocr_private_145120opctc.jpg,0.5,"MINIMART ANAN|||Chợ Sủi Phú Thị Gia Lâm|||Ngày: 12/08/2020-16:15|||Tổng tiền:|||247,000"
mcocr_private_145120opnsn.jpg,0.5,"Vincommerce|||VM+ QNH Tô 7, Khu Minh Tiền A|||Tố 7, Khu Minh Tiền A|||P. Cảm Bình, TP. Câm Pha, QNH|||Ngày bán:14/08/2020 18:45|||TỔNG TIỀN PHẢI T. TOÁN|||44.900"
mcocr_private_145120opumm.jpg,0.5,"Vincommerce|||VM+ QNH 1060-1082 Trần Phú|||Thành Số 1060-1062 Đường Trần Phú|||TP, Cảm Phá, Quảng Ninh|||Ngày bán:13/08/2020 09:53|||TỔNG TIỀN PHẢI T.TOÁN|||76.000"
mcocr_private_145120opuod.jpg,0.5,"MINIMART ANAN|||Chợ Sùi Phú Thị Gia Lâm|||Ngày: 12/08/2020-14:28|||Tổng tiền:|||450,000"
mcocr_private_145120ormas.jpg,0.5,VINMART|||03100000099|||NGƯỜI GIÁN|||10/08/2020 12:55:07|||NGÀY QUAY|||50.000 Đ
mcocr_private_145120osdez.jpg,0.5,"MINIMART ANAN|||Thế Chợ Sùi Phú Thị Gia Lâm Đội|||Ngày: 13/08/2020-20:28|||Tổng cộng:|||356,000"
mcocr_private_145120pbtzc.jpg,0.5,"Vincommerce|||VM+ QNH Số 463 Tổ 66 Khu Diêm Thủy|||Số 463, Tổ 66, Khu Diêm Thủy|||Ngày bán:15/08/2020 07:22|||TỔNG TIỀN PHẢI T. TOÁN|||40.900"
mcocr_private_145120pbvrk.jpg,0.5,|||||||||
mcocr_private_145120pfzbm.jpg,0.5,"Vincommerce|||VM+ QNH Dự án quỹ đất đường sắt|||DA QĐ dọc tuyến ĐS Tô 3 Khu 2|||P. Câm Sơn, TP. Câm Phà, T. QN|||Ngày bán:15/08/2020 11:44|||TỔNG TIỀN PHẢI T. TOÁN|||113.896"
mcocr_private_145120pgiom.jpg,0.5,"Phúc Anh Minimart|||248 Cổ Bị - Gia Lâm - Hà Nội|||Ngày: 14-08-2020|||Khách phải trả|||224,000"
mcocr_private_145120bgxue.jpg,0.5,"Vincommerce|||VM+ QNH Số 463 Tổ 66 Khu Diêm Thủy|||Số 463, Tổ 66, Khu Diêm Thúy|||P. Cấm Đồng, TP. Câm Phả|||Ngày bán:15/08/2020 06:07|||TỔNG TIỀN PHẢI T.TOÁN|||8.800"
mcocr_private_145120clklv.jpg,0.5,"|||434 Nguyễn Văn Công, P.3, Q.Gò Vấp|||97 Thạch Lam, P.Hiệp Tân, Q.Tân Phú|||09:13:22|||24-03-2019|||Tổng tiền:|||40,000"
mcocr_private_145120dwtyw.jpg,0.5, NHÀ SÁCH GD-TC CẨM PHÀ|||Đc: 212 Đường Trấn Phú-Cẩm Phả|||Thời gian:10:02:51 - 13/08/2020|||Tổng số thanh toán:|||90.000
mcocr_private_145120fyhqk.jpg,0.5,NHÀ SÁCH GD-TC CẨM PHẢ|||2012 Đc: 212 Đường Trần Phú-Cẩm Phả Nội|||Thời gian:19:06:35 - 14/08/2020|||Tổng số thanh toán:|||158.000
mcocr_private_145120hncxt.jpg,0.5,NHÀ SÁCH GD-TC CẨM PHẢ|||Đc: 212 Đường Trần Phú-Cẩm Phả|||Thời gian:09:45:57 - 13/08/2020|||Tổng số thanh toán|||193.000
mcocr_private_145120ixchh.jpg,0.5,NHÀ SÁCH GD-TC CẨM PHẢ|||Đc: 212 Đường Trần Phú-Cẩm Phả|||Thời gian:10:12:34 - 15/08/2020|||Tổng số thanh toán:|||20.000
mcocr_private_145120mhmmr.jpg,0.5,"MINIMART ANAN|||Chợ Sủi Phú Thị Gia Lâm|||Ngày: 09/08/2020-09:17|||Tổng tiền:|||112,000"
mcocr_private_145120nxhum.jpg,0.5,"BIG T LUNG BIEN|||The Ty TNHH TMOT-DV Sthi Big C ThangLong|||222 Tran Duy Hung, Cau Giay.Ha Noi|||Ticket: 03000229 05/08/2020 18:36:34|||- Tong Cong|||33.800d"
mcocr_private_145120pjejw.jpg,0.5,"Vincommerce|||VM+ QNH Tố 7, Khu Hình Tiền A|||Tố 7, Khu Minh Tiền A|||P. Cầm Bình, TP. Cầm Pha, QNH|||Ngày bán:14/08/2020 10:48|||TỔNG TIỀN PHẢI T. TOÁN|||116.500"
mcocr_private_145120rykrc.jpg,0.5,Vincommerce||||||Ngày bán:08/08/2020 21:02|||TỔNG TIỀN PHẢI T. TOÁN|||177.700
mcocr_private_145120tnzoy.jpg,0.5,"Vincommerce|||VM+ QNH 86 Trần Phú|||Số 86 Đường Trần Phú, P. Câm Tây|||TP Cẩm Phả, T. Quảng Ninh|||Ngày bán:11/08/2020 11:00|||TỔNG TIỀN PHẢI T.TOÁN|||11.960"
mcocr_private_145120vxrkb.jpg,0.5,"Vincommerce|||VM+ QNH T6 7, Khu Minh Tiền A|||Tổ 7, Khu Minh Tiền A|||P. Cảm Bình, TP. Cầm Phà, QNH|||Ngày bán:09/08/2020 18:39|||TỔNG TIỀN PHẢI T. TOÁN|||966.300"
mcocr_private_145120xqhxt.jpg,0.5,"Vincommerce|||VM+ QNH 1060-1062 Trần Phú|||Số 1060-1062 Đường Trần Phú|||TP. Câm Phá, Quảng Ninh|||Ngày bán:15/08/2020 09:59|||TỔNG TIỀN PHẢI T. TOÁN|||42.300"
mcocr_private_145121ayruq.jpg,0.5,"CỬA HÀNG NĂM OÁNH|||Thôn Phú Thuy, Xã Phú Thị, Huyện Gia Lâm, TP Hà Nội|||Ngày: 11-08-2020|||Cộng tiền hàng|||14,000"
mcocr_private_145121embny.jpg,0.5,"Vincommerce|||VM+ HN1 36 Đình Thôn|||Số 36 Đinh Thôn, P. Mỹ Đỉnh 1|||Q, Nam Từ Liêm, Hà Nội|||Ngày bán:14/08/2020 17:25|||TỔNG TIỀN PHẢI T. TOÁN|||178.722"
mcocr_private_145121ggvml.jpg,0.5,"MINIMART ANAN|||Chợ Sũi Phú Thị Gia Làm Đại|||Ngày: 10/08/2020-14:24|||Tổng cộng|||103,000"
mcocr_private_145121jtsvz.jpg,0.5,"Vincommerce|||VM+ QNH 1080-1062 Trần Phú|||Số 1060-1062 Đường Trần Phú|||19 TP. Câm Phà, Quảng Ninh Trị|||Ngày bán:15/08/2020 10:58|||TỔNG TIỀN PHẢI T. TOÁN|||49.900"
mcocr_private_145121nwzna.jpg,0.5,"CỬA HÀNG NĂM OÁNH|||Xã Thôn Phú Thuy, Xã Phú Thị, Huyện Gia Lâm, TP Hà Nội|||Ngày: 11-08-2020|||Cộng tiền hàng|||15,000"
mcocr_private_145121phqfz.jpg,0.5,||||||NGÀY 106 THỐNG: 12/08/2020 12:39|||Tổng thanh toán|||Tổng Tiền|||6.378.441|||6.439.441
mcocr_private_145121rhddh.jpg,0.5,"Vincommerce|||VM+ QNH DỰ ÁN KDC lần biến cọc 6|||Thị DA khu DCLB cọc 6, P. Câm Sơn|||TP. Câm Phả, T. Quảng Ninh|||Ngày bán:12/08/2020 18:10|||TỔNG TIỀN PHẢI T.TOÁN|||12.000"
mcocr_private_145121tddlr.jpg,0.5,NHÀ SÁCH GD-TC CẨM PHẢ|||Đc: 212 Đường Trân Phú-Cẩm Phả|||Thời gian:08:47:35 - 11/08/2020|||Tổng số thanh toán:|||90.000
mcocr_private_145121vprze.jpg,0.5,"MINIMARTANANT||||||Ngày: 11/08/2020-16:58|||Tổng tiền:|||112,000"
mcocr_private_145121xnmdu.jpg,0.5,"Vincommerce|||VM+ QNH Tố 7, Khu Minh Tiền A|||T67, Khu Minh Tiền A|||P. Cầm Bình, TP. Cầm Phá, QNH|||Ngày bán: 10/08/2020 07:146|||TỔNG TIỀN PHẢI T.TOÁN|||18.800"
mcocr_private_145120schnz.jpg,0.5,"Saigon Co.op|||Co.op Food HN THE K-PARK|||Tang 1, SH42 - Toa K3, Cong trinh chung cu|||ket hop dich vu tren o dat H-cT2 thuoc|||Du an Dau tu xay dung Khu nha o Hi Brand|||tai Khu do thi moi Van Phu,|||P. Phu La, Q. Ha Dong, Tp Ha Noi|||Ngay: 17/07/2017 11:35:49|||Tong so tien thanh toan:|||23,000.00|||10,000.00"
mcocr_private_145120sfkpq.jpg,0.5,ĐÃ NHÀ SÁCH GD-TC CẨM PHẢNG|||21 Đc: 212 Đường Trần Phú-Cẩm Phả|||Thời gian:20:34:38 - 14/08/2020|||Tổng số thanh toán:|||87.000
mcocr_private_145120sgeqw.jpg,0.5,"PHỔ MÔI|||Tổ 7 khu tân lập 4 - p. cẩm thủy|||Tp. Cẩm Phả - Quảng Ninh|||13/08/2020-22:07|||Tổng cộng:|||20,000"
mcocr_private_145120sidqj.jpg,0.5,"|||Address:28 Thanh Nien, Yen Phu, Tay Ho, Ha Noi|||2020-08-15 12:34:53 POS: 01 (Nguyen Viet Hung)|||2020-08-15 12:34:53 POS: 01 (Nguyen Viet Hung)|||Received|||241,000"
mcocr_private_145120silda.jpg,0.5,"MINIMART ANANIA|||Chợ Sủi Phú Thị Gia Lâm Đó|||Ngày: 09/08/2020-17:39|||Tổng cộng:|||265,000"
mcocr_private_145120slrqr.jpg,0.5,"A MINIMART ANAN||||||Ngày: 15/08/2020-18:42|||tổng tiền|||169,000"
mcocr_private_145120smgnp.jpg,0.5,"MINIMART ANAN|||Chợ Sùi Phú Thị Gia Lâm Thị|||Ngày: 16/08/2020-15:57|||Tổng tiền:|||123,000"
mcocr_private_145120sosih.jpg,0.5,"A MINIMART ANAN|||Chợ Sủi Phú Thị Gia Lâm|||Ngày: 09/08/2020-17:35|||Tổng tiền:|||248,016"
mcocr_private_145120sqevm.jpg,0.5,"Vincommerce|||Số 112 Thanh Hiên, P. Cam Thành|||TP. Cầm Phá, Quảng Ninh|||Ngày bán: 11/08/2020 17156|||TỔNG TIỀN PHẢI T. TOÁN|||30.000"
mcocr_private_145120stjiz.jpg,0.5,"MINIMART ANAN|||Chợ Sủi Phú Thị Gia Lâm|||Ngày: 13/08/2020-08:47|||Tổng cộng|||92,000"
mcocr_private_145120tdhhr.jpg,0.5,"PHÔ MỎ|||Tổ 7 khu tân lập 4 - p.cẩm thủy|||Tp. Cẩm Phả - Quảng Ninh|||13/08/2020 - 22: 14|||Tổng cộng:|||12,000"
mcocr_private_145120tjvke.jpg,0.5,"Vincommerce|||VM+ Mỹ Đình|||Tầng 1, nhà CT9,KĐT Mỹ Đình|||P. Mề Trì, Q. Nam Từ Liêm, HN|||Ngày bán:21/08/2020 18:27|||TỔNG TIỀN PHẢI T. TOÁN|||112.235"
mcocr_private_145120tlksx.jpg,0.5,NHÀ SÁCH GD-TC CẨM PHẢ|||Đc: 212 Đường Trần Phú-Cẩm Phả|||Thời gian:09:39:15 - 11/08/2020|||Tổng số thanh toán:|||87.5008
mcocr_private_145121bciwl.jpg,0.5,"Vincommerce|||VM+ QNH Tổ 7, Khu Minh Tiền A|||Tổ 7, Khu Minh Tiền A|||P. Cẩm Binh, TP. Cầm Pha, QIH|||Ngày bán: 13/08/2020 21:47|||TỔNG TIỀN PHẢI T.TOÁN|||103.000"
mcocr_private_145121bddlk.jpg,0.5,"MINIMART ANAN|||Chọ Sĩ Phú Thị Gia Làm|||Ngày: 09/08/2020-21:21|||Tổng cộng|||84,000"
mcocr_private_145121bgtjt.jpg,0.5,"VIncommerce|||VM+ QNH Tổ 7, Khu Minh Tiền A|||P. Cầm Bình, TP. Cầm Pha, QNH|||Ngày bán:14/08/2020 06:59|||TỔNG TIỀN PHẢI T.TOÁN|||12.000"
mcocr_private_145121bnfhp.jpg,0.5,"Vincommerce|||VM+ QNH 1050-1062 Trần Phú|||Thế Số 1060-1062 Đường Trần Phú|||TP. Càm Phả, Quảng Ninh|||Ngày bán: 13/08/2020 10:00|||TỔNG TIỀN PHẢI T.TOÁN|||66.800"
mcocr_private_145121boead.jpg,0.5,"THỨC COFFEE|||22 Quang Trung, P10, Gò Vấp|||Giờ vào:|||31.03.2019|||Tiền Thanh Toán:|||170 000"
mcocr_private_145121brrqt.jpg,0.5,"MINIMART ANAN|||Chợ Súi Phú Thị Gia Lâm|||Ngày: 10/08/2020-17:09|||Tổng cộng:|||74,000"
mcocr_private_145121bxdcv.jpg,0.5,"CỬA HÀNG NĂM OÁNH|||Thôn Phú Thuy, Xà Phú Thị, Huyện Gia Lâm, TP Hà Nội|||Ngày: 11-08-2020|||Cộng tiền hàng|||69,000"
mcocr_private_145121byien.jpg,0.5,"THỨC COFFEE|||22 Quang Trung, P10, Gò Vấp|||Giờ ra:|||Tiền Thanh Toán:|||45 000"
mcocr_private_145121bzwmq.jpg,0.5,"CỬA HÀNG NĂM OÁNH|||Thôn Phú Thuy, Xà Phú Thị, Huyện Gia Lâm, TP Hà Nội|||Ngày: 12-08-2020|||Cộng tiền hàng|||45,000"
mcocr_private_145121cjtsq.jpg,0.5,"MINIMART ANAN|||Trong Chợ Sủi Phú Thị Gia Lâm Đó|||Ngày: 10/08/2020-16:33|||Tổng tiền|||386,026"
mcocr_private_145121cqrlq.jpg,0.5,"||||||Ngay: 17/09/2019 18:33:45|||Tong so tien thanh toan:|||144,408.20"
mcocr_private_145121dvszj.jpg,0.5,"CỬA HÀNG NĂM OÁNH|||Xã Thôn Phú Thuy, Xã Phú Thị, Huyện Gia Lâm, TP Hà Nội|||Ngày: 11-08-2020|||Cộng tiền hàng|||43,500"
mcocr_private_145121ejiwh.jpg,0.5,"Vincommerce|||VM+ QNH 1080-1062 Trần Phú|||Thời Số 1080-1082 Đường Trần Phú|||TP. Cầm Phá, Quảng Ninh|||Ngày bán:12/08/2020 17:16|||TỔNG TIỀN PHẢI T.TOÁN|||49.500"
mcocr_private_145120tqkzt.jpg,0.5,"MINIMART ANAN|||Chợ Sủi Phú Thị Gia Lâm|||Ngày: 17/08/2020-17:53|||Tổng cộng:|||180,000"
mcocr_private_145120tswei.jpg,0.5,"Vincommerce|||VM+ QNH Tổ 7, Khu Minh Tiền A|||Tổ 7, Khu Minh Tiền Á|||P. Cẩm Bình, TP. Cầm Phà, QNH|||Ngày bán:14/08/2020 21:58|||TỔNG TIỀN PHẢI T. TOÁN|||16.500"
mcocr_private_145120ttjrp.jpg,0.5,"A MINIMART ANAN|||Thuy Chợ Sũi Phú Thị GHa Làm Chí|||Ngày: 17/08/2020-14:42|||Tổng tiền|||273,000"
mcocr_private_145120twstz.jpg,0.5,|||Địa chỉ|||09/08/2020 12:19:59|||03000000099|||1430.000 ĐI|||05
mcocr_private_145120typdw.jpg,0.5,"MINIMART ANAN|||Chợ Sủi Phu Thị Gia Lâm Đó|||Ngày: 12/08/2020-14:16|||Tổng tiền:|||386,002"
mcocr_private_145120udjsy.jpg,0.5,"Vincommerce|||19 VM+ QNH Tố 7, Khu Minh Tiền A|||Tổ 7, Khu Minh Tiền A|||P. Cảm Bình, TP. Cầm Phà, QNH|||Ngày bán: 10/08/2020 12:32|||TỔNG TIỀN PHẢI T. TOÁN|||97.926"
mcocr_private_145120ugttg.jpg,0.5,"Vincommerce|||VM+ QNH Dự án KDC lần biển cọc 6|||Từ DA khu DCLB cọc 6, P. Cảm Sơn|||TP. Cảm Phá T. Quang Ninh|||Ngày bán:14/08/2020 22:04|||TỔNG TIỀN Ã GIÃM|||195.300|||296.900"
mcocr_private_145120urmma.jpg,0.5,"Yincommerce|||Và Vài% 17TM Chợ Sửi|||Số 42 Phổ Sui, Xà Phú Thị|||Huyện Gia Làm, Hà Nội|||Ngày bán:14/08/2020 17:26|||TỔNG TIỀN PHẢI T. TOÁN|||193.920"
mcocr_private_145120uspmc.jpg,0.5,"MINIMARTANAN|||Chợ Sủi Phú Thị Gia Lâm|||Ngày: 13/08/2020-10:26|||Tổng cộng:|||25,000"
mcocr_private_145120vcpfc.jpg,0.5,"Vincommerce|||VM+ QNH Tổ 7, Khu Minh Tiền A|||Tổ 7, Khu Minh Tiền A|||P. Cầm Bình, TP. Câm Phà, QNH|||Ngày bán:15/08/2020 10:47|||TỔNG TIỀN PHẢI T. TOÁN|||16.000"
mcocr_private_145120vcrvo.jpg,0.5,"SIEU THI BACH HOA TONG HOP|||Số 5 Cầm Tây - Cầm Phá - QN|||Ngày: 09/08/2020-15:|||30,000"
mcocr_private_145120vogtr.jpg,0.5,"MINIMART ANANA|||Chợ Sủi Phú Thị Gia Lâm Thị||||||Tổng tiền|||293,012"
mcocr_private_145120vvopk.jpg,0.5,|||||||||TỔNG|||100.000 Độ
mcocr_private_145120cmjrk.jpg,0.5,SIEU THI BACH HOA TONG HOP|||Thuận Sơ 5 Căm Tày - Cầm Phá - QN|||Ngày: 09/08/2020-17:|||Thi Tiền khách trán
mcocr_private_145120cwwpk.jpg,0.5,ĐÃ NHÀ SÁCH GD-TC CẨM PHẢI|||1981 Đc: 212 Đường Trần Phú-Cẩm Phả|||Thời gian:18:33:01 - 14/08/2020|||Tổng số thanh toán:|||97.0008
mcocr_private_145120cykek.jpg,0.5,"THỨC COFFEE|||22 Quang Trung, P10, Gò Vấp|||Giờ vào:|||09.30|||Giờ ra:|||Tiền Thanh Toán:|||35 000"
mcocr_private_145120czmqe.jpg,0.5,"Vincommerce|||VM+ QNH 86 Trần Phú|||Số Số Đường Trần Phú, P. Cảm Tây|||TP Cẩm Phà, T. Quảng Ninh|||Ngày bán:11/08/2020 10:19|||TỔNG TIỀN PHẢI T. TOÁN|||142.826"
mcocr_private_145120dbokx.jpg,0.5,"IN MINIMART ANANIA|||Chợ Sủi Phú Thị Gia Lâm|||Ngày: 10/08/2020-16:43|||Tổng tiền|||54,000"
mcocr_private_145120ddbdw.jpg,0.5,"sau sieu thi bach hoa tong hop|||Số 5 Cẩm Tây - Cầm Phả - QN|||1996 Tel: 0203.37.M199. Websiter wwwsieuthlip.vn 1996|||Tổng cộng (đã gồm VAT):|||105,000"
mcocr_private_145120dimiw.jpg,0.5,"Vincommerce|||VM+ QNH Tố 7, Khu Minh Tiền A|||13 Tô 7, Khu Minh Tiền A|||P. Cảm Bình, TP. Cầm Pha, QNH|||Ngày:12/08/2020|||Thời gian:20:52|||"
mcocr_private_145120djlum.jpg,0.5,|||Nguyễn Ta Vinh Thuận Thuận||||||TỔNG:|||1617.917 Đ
mcocr_private_145120dmcly.jpg,0.5,NHÀ SÁCH GD.TC CẨM PHÀ|||Đc 212 Đường Trần Phú-Cẩm Phả|||Thời gian:08:30:11 - 15/08/2020|||Tổng số thanh toán:|||6.000
mcocr_private_145120drkwk.jpg,0.5,||||||09/08/2020 10:11:18|||300000000|||50.000 Đ
mcocr_private_145120dvojm.jpg,0.5,"MINIMART ANAN|||Chợ Sủi Phú Thị Gia Lâm|||Ngày: 12/08/2020-13:14|||Tổng cộng:|||13,000"
mcocr_private_145120dwgtk.jpg,0.5,"Vincommerce|||VM+ QNH 112 Thành Miền|||TP. Cảm Phá, Quảng Ninh|||Ngày bán: 10/08/2020 10:10|||TỔNG TIỀN PHẢI T.TOÁN|||174.850"
mcocr_private_145120dwtci.jpg,0.5,"Vincommerce|||VM+ ANH 500 Trần Phú|||Số 690 Trần Phú, P. Còm Thuy|||TP. Cảm Phá, Quảng Ninh|||Ngày bán:13/08/2020 21:35|||TỔNG TIỀN PHẢI T.TOÁN|||10.000"
mcocr_private_145121odkou.jpg,0.5,"Saigon Co.op|||Co.op Food HN THE K-PARK|||Tang 1, SH42 - Toa K3,Cong trinh chung cu|||the ket hop dich vu tren o dat H-CT2 thuoc tra|||Du an Dau tu xay dung Khu nha o Hi Brand|||tai Khu do thi moi Van Phu,|||P. Phu La, Q. Ha Dong, Tp Ha Noi|||Ngay: 23/09/2019 10:41:59|||so tien thanh toan:|||67,462.00"
mcocr_private_145121odzre.jpg,0.5,SCTC CÔ THỎ 104 TRẦN PHÚ - CẨM|||PHẢ|||104 Trần Phú - phường Cẩm Tây - Thành phố Cấm|||Phá - Quảng Ninh|||Ngày: 10/08/2020 (09:17 CH - 09:17 CH)|||Tổng thanh toán|||25.000
mcocr_private_145121ofqvx.jpg,0.5,"MINIMART ANAN|||Chợ Sùi Phú Thị Gia Làm Đó|||Ngày: 12/08/2020-13:00|||Tổng cộng:|||56,000"
mcocr_private_145121ofugc.jpg,0.5,"MINIMART ANAN|||Chợ Sủi Phú Thị Gia Lâm|||Ngày: 17/08/2020-10:53|||Tổng cộng:|||98,000"
mcocr_private_145121ohvev.jpg,0.5,"Vincommerce|||VM+ QNH 1060-1062 Trần Phú|||Số 1060-1062 Đường Trần Phú|||TP. Cảm Phà, Quảng Ninh|||Ngày bán:15/08/2020 06:10|||TỔNG TIỀN PHẢI T.TOÁN|||24.450"
mcocr_private_145121oihna.jpg,0.5,"JahaCafe|||JUST GOOD COFFEE|||857 Nguyễn Kiêm, P3, Q.Gò Vấp|||Ngày:|||Tổng cộng:|||15000|||15000"
mcocr_private_145121oiyws.jpg,0.5,NHÀ SÁCH GD-TC CẨM PHẢ|||Đc: 212 Đường Trần Phú-Cẩm Phả|||Thời gian:09:17:21 - 11/08/2020|||Tổng số thanh toán:|||49.000
mcocr_private_145121ojvci.jpg,0.5,ĐÃ NHÀ SÁCH GD-TC CÂM PHẢ|||19 Đc: 212 Đường Trần Phú-Cẩm Phả Nội|||Thời gian:09:58:24 - 15/08/2020|||Tổng số thanh toán:|||127.000
mcocr_private_145121okklv.jpg,0.5,"Vincommerce|||Thành Số 1060-102 Đường Trần Phố|||TP. Cầm Phà, Quảng Nam|||Ngày bán:14/08/2020 06:47|||TỔNG TIỀN PHẢI T. TOÁN|||19.900"
mcocr_private_145121olllu.jpg,0.5,||||||Ngay: 21/05/2020 17:14:18|||08936112990224 Duong k.trangRS Coopselec
mcocr_private_145121oyoxa.jpg,0.5,NHÀ SÁCH GD-TC CẨM PHẢ|||Đc: 212 Đường Trần Phú-Cẩm Phả|||Thời gian:08:53:41 - 11/08/2020|||Tổng số thanh toán:|||36.000d
mcocr_private_145121pcidy.jpg,0.5,"CỬA HÀNG NĂM OÁNH|||Xã Thôn Phú Thmy, Xã Phú Thị, Huyện Gia Lâm, TP Hà Nội|||Ngày: 10-08-2020|||Cộng tiền hàng|||550,000"
mcocr_private_145121pgxpu.jpg,0.5,"THỨC COFFEE|||22 Quang Trung, P10, Gò Vấp|||Giờ vào:|||31.03.2019|||- Tiền Thanh Toán:|||35 000"
mcocr_private_145121pjnag.jpg,0.5,"Vincommerce|||VM+ QNH Dự án quỹ đất đường sắt|||DA QĐ dọc tuyến ĐS Tổ 3 Khu 2|||P. Cảm Sơn, TP. Cảm Phà, T. GN|||Ngày bán:14/08/2020 18:56|||TỔNG TIỀN PHẢI T. TOÁN|||98.085"
mcocr_private_145121pmgai.jpg,0.5,"Uncommerce|||VM+ QNH Tố 7, Khu Minh Tiền A|||Tổ 7, Khu Minh Tiền A|||P. Cầm Bình, TP. Cầm Pha, QNH|||Ngày:13/08/2020|||Thời gian:16:34|||"
mcocr_private_145121pmtie.jpg,0.5,"In the coffee house|||403 Phan Huy Ich, P.14, Q.Gò Vấp|||Thời gian:30.09.2020 08.25 Số HĐ: 19809053042020|||Thanh Toán:|||49000"
mcocr_private_145121pyboc.jpg,0.5,NHÀ SÁCH GD-TC CẨM PHẢ|||Đc: 212 Đường Trần Phú-Cẩm Phả|||Thời gian:10:26:16 - 13/08/2020|||Tổng số thanh toán:|||87.000d
mcocr_private_145121pzatx.jpg,0.5,"A MINIMART ANANT|||Chợ Sủi Phú Thị Gia Lâm|||Ngày: 16/08/2020-17:12|||Tổng tiền:|||62,000"
mcocr_private_145121qfwji.jpg,0.5,NHÀ SÁCH GD-TC CẨM PHẢ|||Đc: 212 Đường Trần Phú-Cẩm Phả|||Thời gian:10:23:00 - 15/08/2020|||Tổng số thanh toán:|||7.000d
mcocr_private_145121qsztx.jpg,0.5,"Saigon Co.op|||Co. op Food HN THE K-PARK|||Tang 1, SH42 - Toa K3,Cong trinh chung cu|||thu ket hop dich vu tren o dat H-CT2 thuoc thu|||Du an Dau tu xay dung Khu nha o Hi Brand|||P. Phu La, Q. Ha Dong, Tp Ha Noi|||Ngay: 19/09/2019 18:33:45|||Tong so tien thanh toan:|||144,408.20"
mcocr_private_145121qtpyr.jpg,0.5,"Guitar Cafe|||28 Phan Chu Trinh, Hiệp Phú, Quận 9, Ho|||Ngày lập: 03/10/2020|||Thành tiền: 80,000"
mcocr_private_145121qtukg.jpg,0.5,"Vincommerce|||1981 VIN4 QNH Tổ 7, Khu Minh Tiền A 19|||Tổ 7, Khu Minh Tiền A|||P. Cầm Bình, TP. Cảm Pha, QNH|||Ngày bán:13/08/2020 16:13|||TỔNG TIỀN PHẢI T.TOÁN|||49.500"
mcocr_private_145121qvqen.jpg,0.5,"CỬA HÀNG NĂM OÁNH|||Thôn Phú Thuy, Xã Phú Thị, Huyện Gin Lâm, TP Hà Nội|||Ngày: 11-08-2020|||Cộng tiền hàng|||131,500"
mcocr_private_145121qywbp.jpg,0.5,"Vincommerce|||""VM% QNH Tố 7,Khu Minh Tiền A|||Tổ 7, Khu Minh Tiền Á|||P. Cầm Bình, TP. Cầm Phá, QNH|||Ngày: 15/08/2020|||"
mcocr_private_145121rcvva.jpg,0.5,MINIMART ANAN||||||Ngày: 12/08/2020-14:16|||Tổng cộng|||0019000000
mcocr_private_145121reeuz.jpg,0.5,"THE CO.OPSMILE - A1 KHU B KTX DAI HOC LUOC GIA NGUYỄN|||""Thanh Toa nha A1, Ky (uc xa khu B, Khu pho 1,an Hoa, Nam""|||Phuong Dong Hoa, Thi xa Di An, Tinh Bi ,h Duong|||Ngay: 07/09/2020|||Gio: 08:30:51|||TỔNG CỘNG|||17.000"
mcocr_private_145120wfzeb.jpg,0.5,"Vincommerce|||VM+ QNH 1060-1062 Trần Phú|||Số 1060-1062 Đường Trân Phú|||TP. Cầm Phà, Quảng Ninh|||Ngày bán:12/08/2020 17:26|||TỔNG TIỀN PHẢI T. TOÁN|||12.000"
mcocr_private_145120wmfat.jpg,0.5,"Vincommerce|||VM+ QNH 86 Trần Phú|||Số 86 Đường Trần Phú, P. Cảm Tây|||19 TP Cẩm Phả, T. Quảng Ninh.|||Ngày bán:09/08/2020 20:12|||TỔNG TIỀN PHẢI T.TOÁN|||63.000"
mcocr_private_145120wnsla.jpg,0.5,PHÚ - CẨM|||Thành phố Cấm|||phường|||104 Trần Phú|||Phả - Quang|||Ngày: 08/08/2020 (0/24 CH.0/24 CHT)|||Tổng thanh toán
mcocr_private_145120wsxhs.jpg,0.5,Vietcombank|||CAN PHA QUNG NINH|||11/05/2020|||TỔNG CỘNG:|||481630
mcocr_private_145120wwctd.jpg,0.5, NHÀ SÁCH GD-TC CẨM PHẢI|||ĐC: 212 Đường Trần Phú-Cẩm Phả|||Thời gian:10:04:18 - 13/08/2020|||Tổng số thanh toán:|||40.000
mcocr_private_145120wzxfx.jpg,0.5,"Vincommerce|||VM+ QNH 86 Trần Phú|||TP Cẩm Pha, T. Quảng Ninh|||Ngày bán:09/08/2020 16107|||TỔNG TIỀN PHẢI T.TOÁN|||122.000"
mcocr_private_145120xajdk.jpg,0.5,"MINIMART ANAN|||Chợ Sủi Phú Thị Gia Lâm|||Ngày: 16/08/2020-16:19|||Tổng cộng:|||108,000"
mcocr_private_145120xjofx.jpg,0.5,"Saigon Co.Op|||Colop Food HN THE K-PARK|||Tang 1,SH42 - Toa K3, Cong trinh chung cu|||ket hop dich vu tren o dat H-cT2 thuoc|||Du an Dau tu xay dung Khu nha o Hi Brand|||P. Phu La, Q. Ha Dong, Tp Ha Noi|||Ngay: 19/09/2019 17:58:19|||Tong so tien thanh toan:|||6,400.00"
mcocr_private_145120xjrbo.jpg,0.5,"Vincommerce|||TP. Cầm Phả, Quảng Ninh|||Ngày bán:12/08/2020 16:04|||TỔNG TIỀN PHẢI T.TOÁN|||75.000"
mcocr_private_145120xjsdu.jpg,0.5,||||||NGÀY 116 THÔNG 114/06/2020/22113|||Tổng Tiền|||16.850.018
mcocr_private_145120xlqul.jpg,0.5,"Lý Tên Bai Lý:|||ĐỊA CHỈ ĐẠI LÝ :|||2060-262 TRÊN PHÚ|||CAM PHA QUANG NINH|||NGÀY:|||12/8/220|||TỨNG CỘNG|||V0401,800"
mcocr_private_145120xocav.jpg,0.5,"co ciy cp di pt on tip|||ĐỊA CHỈ ĐẠI LÝ|||CAM PHA-QUANG NINH|||09/08/2020|||GIỜ:|||17:54:15|||TỔNG CỘNG:|||UND463, 200"
mcocr_private_145120xqamb.jpg,0.5,"IN MINIMART ANAN 1|||Chợ Sũi Phú Thị Gia Lâm|||Ngày: 10/08/2020-18:26|||Tổng tiền|||238,008"
mcocr_private_145120xqxio.jpg,0.5,"THỨC COFFEE|||22 Quang Trung, P10, Gò Vấp|||Giờ vào:|||Tiền Thanh Toán: |||35 000"
mcocr_private_145120xshwc.jpg,0.5,"MINIMART ANAN|||Chợ Sủi Phú Thị Gia Lâm|||Ngày: 15/08/2020-17:04|||Tổng tiền|||28,000"
mcocr_private_145120xtlae.jpg,0.5,NHÀ SÁCH GD-TC CẨM PHẢ|||Đc: 212 Đường Trần Phú-Cẩm Phả|||Thời gian:08:05:47 - 14/08/2020|||Tổng số thanh toán:|||20.000
mcocr_private_145120xxxey.jpg,0.5,NHÀ SÁCH GD-TC CÂM PHẢ|||Đc: 2 2 2 Đường Trần Phú-Cẩm Phá|||1981 noi gian .6:11:45 - 31/07/2020|||Tổng số thanh toán:|||20.000
mcocr_private_145120xybgv.jpg,0.5,"Cong Ty UP Dau Tu BDS HAPULICU|||Tang 23?24, Toa Center Building|||So 1, Nguyen Huy Tuong, P.Thanh|||20 Xuan Trung, Q. Thanh Xuan, Ha Noi|||08/2020?49120|||1,786,313 VND|||1,786,313 VND"
mcocr_private_145120xzodh.jpg,0.5,"Saigon Co.Op|||Co.op Food HN THE K-PARK|||ket hop dich vu tren o dat H-cT2 thuoc|||The Du an Dau tu xay dung Khu nha o Hi Brand Hoa|||19 P. Phu La, Q. Ha Dong, Tp Ha Noi Noi|||Ngay: 20/09/2019 14:40:48|||Tong so tien thanh toan:|||36,600.00"
mcocr_private_145120yaqdo.jpg,0.5,"Vinilart|||Vincommerce|||10 Nam Từ Liêm, HN|||P. My Đình|||Dọc mùng (bạc hà) 23.900/KG x 0,584|||Ngày bán: 18/08/2020 17:5|||TỔNG TIỀN PHẢI T. TOÁN|||740.265"
mcocr_private_145120ycjmc.jpg,0.5,"Vincommerce|||""VM% QNH Tố 7, Khu Minh Tiền A Nam""|||Tô 7, Khu Minh Tiền A|||P. Cầm Bình, TP. Cầm Pha, QNH|||Ngày bán:09/08/2020 18:11|||TỔNG TIỀN PHẢI T.TOÁN|||-10.800"
mcocr_private_145120yirof.jpg,0.5,"Vincommerce|||VM+ QNH 590 Trần Phú|||Số 590 Trần Phú, P. Cảm Thúy|||19 TP. Cầm Phả, Quảng Ninh|||Ngày:15/08/2020|||"
mcocr_private_145120ypcjr.jpg,0.5,"MINIMART ANAN|||Chợ Sủi Phú Thị Gia Lâm Đó|||Ngày: 16/08/2020-17:57|||Tổng cộng:|||288,000"
mcocr_private_145120yucon.jpg,0.5,"Vincommerce|||VM+ QNH Tố 7, Khu Minh Tiền A|||Tổ 7, Khu Minh Tiền A|||P. Cầm Bình, TP. Cầm Phà, QNH|||Ngày bán:09/08/2020 18:24|||TỔNG TIỀN PHẢI T.TOÁN|||35.100"
mcocr_private_145120yujdk.jpg,0.5,"MINIMART ANAN|||Thuy Chợ Sủi Phú Thị Gia Lâm Thị|||Ngày: 16/08/2020-09:38|||Tổng tiền|||222,000"
mcocr_private_145120yvjhy.jpg,0.5,"Vietcombank||||||20/05/2020|||11:29:47|||TỔNG CỘNG:|||UND455, 382"
mcocr_private_145120ywkur.jpg,0.5,"5156-VINNART|||ĐỊA CHỈ BẠI LÝ 3|||5156-10 7 NINH TIÊM A|||CAN BINH CAN PHA QN|||NGÀY:|||13/08/2020|||20:29:45|||TỔNG CỘNG:|||UND461, 288"
mcocr_private_145120ywovu.jpg,0.5,"Vincommerce|||VM+ QNH Tổ 7, Khu Minh Tiền A|||Tô 7, Khu Minh Tiền Á|||P. Cầm Bình, TP. Cầm Phá, QNH|||Ngày bán:14/08/2020 18:39|||TỔNG TIỀN PHẢI T. TOÁN|||240.000"
mcocr_private_145120yzfoc.jpg,0.5,"Saigon Co.op|||Co.op Food, HN THE K-PARK|||the ket hop dich vu tren o dat H-CT2 thuoc thanh|||Du an Dau tu xay dung Khu nha o Hi Brand|||Tai Khu do thi moi Van Phu 4|||P. Phu La, Q. Ha Dong, Tp Ha Noi|||Ngay: 20/09/2019 13:14:26|||Tong so tien thanh toan:|||15,400.00"
mcocr_private_145120zcmaj.jpg,0.5,"MINIMART ANAN|||Chợ Sủi Phú Thị Gia Lâm|||Ngày: 15/08/2020-08:46|||Tổng cộng:|||218,000"
mcocr_private_145120zmrbk.jpg,0.5,"JahaTafe|||JUST GOOD COFFEE|||857 Nguyễn Kiêm, P3, Q.Gò Vấp|||Ngày:|||Tổng cộng:|||19 000"
mcocr_private_145120zneoy.jpg,0.5,|||||||||Tổng Tiền|||11.260.27
mcocr_private_145120znpmt.jpg,0.5,NHÀ SÁCH GD-TC CẨM PHẢ|||Đc: 212 Đường Trần Phú-Cẩm Phả|||Thời gian:08:48:18 - 15/08/2020|||Tổng số thanh toán:|||11.000
mcocr_private_145121aephc.jpg,0.5,"Saigon Co.op|||Co.op Food HN THE K-PARK|||Tang 1, SH42 - Toa K3,Cong trinh chung cu|||ket hop dich vu tren o dat H-cT2 thuoc|||Du an Dau tu xay dung Khu nha o Hi Brand|||P. Phu La, Q. Ha Dong, Tp Ha Noi|||Ngay: 23/09/2019 10:30:13|||Tong so tien thanh toan:|||13,832.00"
mcocr_private_145121armrj.jpg,0.5,MINIMART ANANAN|||Chợ Sùi Phú Thị Gia Làm|||Ngày: 12/08/2020-08:07|||Tổng cộng:
mcocr_private_145121auqqj.jpg,0.5,NHÀ SÁCH GD-TC CẨM PHẢ|||ĐC: 212 Đường Trần Phú-Cẩm Phả|||Thời gian:10:51:22 - 11/08/2020|||Tổng số thanh toán:|||36.000
mcocr_private_145121axatl.jpg,0.5,"BÁCH HÓA XANH|||Số 60-62-64 Đường Nguyễn Cửu Đàm, Phường|||Tân Sơn Nhì, Quận Tân Phú, Thành phố Hồ Chí|||12/08/2020 20:12|||Thanh toán:|||171,420"
mcocr_private_145120fzkbv.jpg,0.5,"MINIMART ANAN|||Thuy Chợ Sủi Phú Thị Gia Lâm Thị||||||Tổng cộng:|||246,000"
mcocr_private_145120gbcop.jpg,0.5,"|||Đc: 121 Đường Cao L3|||Ngày: 9/8/2020|||Tổng tiền phải trả: 133,000"
mcocr_private_145120gcfei.jpg,0.5,Vincommerce||||||Ngày Bán: 12/01/50.0|||TỔNG TIỀN Á GIẢM|||146.400
mcocr_private_145120gdukg.jpg,0.5,"BIG C DI AN|||""CTY TNHH EB BINH DUONG (""""EBBD"""")""|||P.Dong Hoa, TX Di An, Tinh Binh Duong|||Ticket: 01700076 25/05/2019 12:44:35|||Tang 2 tem khi mua sam tu 200,000vnd|||tu 120.900vnd tai quay|||208.2240"
mcocr_private_145120gmdua.jpg,0.5,"MINIMARTANANA|||Chợ Sủi Phú Thị Gia Lâm|||Ngày: 11/08/2020-08:33|||Tổng cộng|||101,000"
mcocr_private_145120gpiwi.jpg,0.5,"MINIMART ANAN|||Chợ Sủi Phú Thị Gia Lâm Đó|||Ngày: 10/08/2020-17:20|||Tổng cộng:|||88,000"
mcocr_private_145120gpyay.jpg,0.5,"Vincommerce|||VM+ QNH 590 Trần Phú|||Số 590 Trần Phú, P. Gầm Thuy|||19 TP. Cầm Pha, Quảng Ninh|||Ngày bán: 15/08/2020 10:05|||KM|||-13.420"
mcocr_private_145120gryhs.jpg,0.5,"Vincommerce|||VM+ QNH DỰ ÁN KDC lần biên cọc 6|||DA khu DCLB cọc 6, P. Cầm Sơn|||TP. Câm Phà, T. Quảng Ninh|||Ngày bán: 12/08/2020 14:07|||TỔNG TIỀN PHẢI T.TOÁN|||20.000"
mcocr_private_145120gsoxn.jpg,0.5,"Vincommerce|||VM+ QNH 1060-1062 Trần Phú|||Số 1060-1062 Đường Trân Phú|||TP. Câm Phà, Quảng Ninh|||Ngày bán:15/08/2020 11:16|||TỔNG TIỀN PHẢI T.TOÁN|||150.600"
mcocr_private_145120gxzhn.jpg,0.5,"Saigon Co.op|||Co.op Food HN GREEN STARS|||Toa 21B5, CC Green Stars|||234 Pham Van Dong, P. Co Nhue|||Q. Bac Tu Liem, Tp. Ha Noi|||Ngay: 10/07/2020 14:15:29|||Tong so tien thanh toán|||57,700.00"
mcocr_private_145120hfwms.jpg,0.5,"Vincommerce|||VM+ QNH Tổ 7, Khu Minh Tiền A|||Tô 7, Khu Minh Tiền Á|||P. Cảm Bình, TP. Cầm Phá, QNH|||Ngày bán:13/08/2020 18:22|||TỔNG TIỀN PHẢI T. TOÁN|||22.510"
mcocr_private_145120hfyit.jpg,0.5,1984 SCTC CÔ THỌ 104 TRẦN PHÚ - CẤM 1991|||PHẢ|||Thuận 104 Tran Phú Phường Cấm Tây Thành phố Căm Thuận|||Phả Quảng Ninh|||Ngày: 09/08/2020 (07.26 CH-07:26 CH)|||Tổng thanh toán|||60.000
mcocr_private_145120hmavz.jpg,0.5,"Saigon Co.op|||It Co.op Food HN THE K-PARK 19|||ket hop dich vu tren o dat H-cr2 thuoc|||Du an Dau tu xay dung Khu nha o Hi Brand|||Tai Khu do thi noi Van Phu,|||P. Phu La, Q. Ha Dong, Tp Ha Noi|||Ngay: 17/09/2019 11:40:34|||Tong so tien thanh toan:|||30,912.00"
mcocr_private_145120dxuqv.jpg,0.5,"TÊN ĐÀI LÝ|||THỊ CẦN BÌNH CẦN PHÁ QN|||NGÀY:|||15/08/2020|||TỔNG CỘNG:|||UND7,200"
mcocr_private_145120dyknb.jpg,0.5,"MINIMART ANAN|||Chợ Sùi Phú Thị Gia Lâm|||Ngày: 09/08/2020-17:24|||Tổng tiền|||72,000"
mcocr_private_145120dzqzm.jpg,0.5,"MINIMART ANAN|||Chợ Sủi Phú Thị Gia Lâm Đó|||Ngày: 09/08/2020-19:46|||Tổng cộng:|||164,000"
mcocr_private_145120ebzbl.jpg,0.5,"MINIMART ANAN||||||Ngày: 09/08/2020-21:02|||Tổng tiền:|||26,000"
mcocr_private_145120efkkx.jpg,0.5,"Xuân|||244/23a Huỳnh Văn Bánh, P.11, Q.PN|||Ngày/ giờ ra:|||Ngày/ giờ vào:|||04.10.2020 10.33|||04.10.2020 10.35|||Tiền Thanh Toán:|||240000"
mcocr_private_145120efpse.jpg,0.5,"|||ĐỊA CHỈ ĐẠI LY|||THEO TO Ở KHU 3B P CẦM TRUNG|||CAM PHA QUANG NINH|||10:20:49|||TỔNG CỘNG:|||UND341, 100"
mcocr_private_145120eghoa.jpg,0.5,"CỬA HÀNG NĂM OÁNH|||Thôn Phủ Thuy, Xã Phú Thị, Huyện Gin Lâm, TP Hà Nội|||Ngày: 11-08-2020|||Cộng tiền hàng|||354,000"
mcocr_private_145120eiyjs.jpg,0.5,"MINIMART ANAN|||Chợ Sủi Phú Thị Gia Lâm|||Ngày: 13/08/2020-15:56|||Tổng tiền|||140,500"
mcocr_private_145120elnjb.jpg,0.5,"Vietcombank|||ĐỊA CHỈ ĐAI LÝ 1|||TỪ 8 KM) 38 P CẦN TRUNG|||CAN PHA QUANG NINH|||20/05/2020|||20:19:06|||TỔNG CỘNG:|||UND171,500"
mcocr_private_145120epens.jpg,0.5,"Vincommerce|||VM+ QNH Tổ 7, Khu Minh Tiền A|||Tò 7, Khu Minh Tiền A|||P. Cẩm Bình, TP. Cầm Phả, QNH|||Ngày:13/08/2020|||Thời gian:16:13|||"
mcocr_private_145120etjwj.jpg,0.5,||||||NAI|||NHAI TIỀN 3|||- TAI QUẢ;
mcocr_private_145120etnlw.jpg,0.5,"MINIMART ANAN|||Chợ Sủi Phú Thị Gia Lâm|||Ngày: 16/08/2020-08:44|||Tổng cộng:|||257,000"
mcocr_private_145120euvko.jpg,0.5,"CỬA HÀNG NĂM OÁNH|||Thôn Phú Thuy, Xà Phú Thị, Huyện Gia Lâm, TP Hà Nội|||Ngày: 12-08-2020|||Cộng tiền hàng|||445,000"
mcocr_private_145120ezfnf.jpg,0.5,"TÍN ĐÀI LÝ:|||TỔ 7 NHU MINH TIỀN A,P.CA|||10/08/2020 22:11:56|||TẠI QUẦY|||09"
mcocr_private_145120fevhe.jpg,0.5,|||CAN PHA QUANG NINH|||19:42:31|||601140
mcocr_private_145120fhsok.jpg,0.5,"Vincommerce|||VM+ QNH 86 Trần Phú|||Số 86 Đường Trần Phú, P. Cầm Tây|||TP Cầm Phà, T. Quang Ninh|||Ngày:09/08/2020|||Thời gian:16:35|||"
mcocr_private_145120fqeaq.jpg,0.5,"THỨC COFFEE|||22 Quang Trung, P10, Gò Vấp Nam|||Giờ vào:|||Tiền Thanh Toán:|||35 000"
mcocr_private_145120fuksi.jpg,0.5,"Saigon Co.op|||Co.op Food HN THE K-PARK|||ket hop dich vu tren o dat H-cT2 thuoc|||Du an Dau tu xay dung Khu nha o Hi Brand|||tai Khu do thi moi Van Phu,|||P. Phu La, 9, Ha Dong, Tp Ha Noi|||Ngay: 23/09/2019 10:41:59|||Tong so tien thanh toan:|||67,462.00"
mcocr_private_145120fxgmu.jpg,0.5,"MINIMART ANAN|||Chợ Sủi Phú Thị Gia Lâm|||Ngày: 10/08/2020-17:22|||Tổng cộng:|||23,000"
mcocr_private_145121trljp.jpg,0.5,"Vincommerce|||VM+ CNH 112 Thanh Niên|||19 TP. Câm Phà, Quảng Ninh 1|||Ngày bán:14/08/2020 09:41|||TỔNG TIỀN PHẢI T.TOÁN|||20.250"
mcocr_private_145121trzmp.jpg,0.5,"Vincommerce|||VM+ QNH Tộ 7, Khu Minh Tiền A|||Tô 7, Khu Minh Tiền Ả|||P. Cẩm Bình, TP. Câm Pha, QNH|||Ngày bán:14/08/2020 18:14|||TỔNG TIỀN PHẢI T. TOÁN|||48.600"
mcocr_private_145121tuldp.jpg,0.5,"Saigon Co.op|||Co.0p Food HN THE K-PARK|||ket hop dich vu tren o dat H-cT2 thuoc|||Du an Dau tu xay dung Khu nha o Hi Brand|||tai Khu do thi moi Van Phu,|||P. Phu La, Q. Ha Dong, Tp Ha Noi|||Ngay: 23/09/2019 10:22:20|||Tong so tien thanh toan:|||38,735.00"
mcocr_private_145121tuswl.jpg,0.5,"Vincommerce|||VM+ QNH Tô 7, Khu Minh Tiền A|||Tổ 7, Khu Minh Tiền Á|||P. Cảm Bình, TP. Cầm Phà, QNH|||Ngày bán:14/08/2020 16:43|||TỔNG TIỀN PHẢI T. TOÁN|||52.421"
mcocr_private_145121uahht.jpg,0.5,"Vincommerce|||VM+ QNH 1060-1062 Trần Phú|||Số 1060-1062 Đường Trân Phú|||TP. Câm Phà, Quảng Ninh|||Ngày bán:14/08/2020 17:38|||TỔNG TIỀN PHẢI T. TOÁN|||40.000"
mcocr_private_145121ucwhf.jpg,0.5,"Vincommerce|||VM+ TTTM Chợ Súi|||Số 42 Phổ Súi, xã Phú Thị|||HUYỆN GIA LÂM, HÀ NỘI|||Ngày bán: 15/08/2020 07:55|||TỔNG TIỀN PHẢI T. TOÁN TIN|||148.000"
mcocr_private_145121ulqxe.jpg,0.5,"PHÓ MỎ|||Tổ 7 khu Tân Lập 4 - P.Cẩm Thủy|||Tp. Cẩm Phả - Quảng Ninh|||13/08 7 2020 - 19: 52|||Tổng cộng:|||20,000"
mcocr_private_145121uppbx.jpg,0.5,SIEU THI BACH HOA TONG HOP|||Số 5 Cấm Tây - Cấm Phả - QN|||Ngày: 10/08/2020-11:|||Tiền khách trá:
mcocr_private_145121uslvw.jpg,0.5,"CỬA HÀNG NĂM OÁNH|||Thôn Phú Thuy, Xã Phú Thị, Huyện Gia Lâm, TP Hà Nội|||Ngày: 14-07-2020|||Cộng tiền hàng|||660,000"
mcocr_private_145121vdfbw.jpg,0.5,"Vincommerce|||VM+ QNH T67, Khu Minh Tiền A|||Tố 7, Khu Minh Tiền A|||P. Cảm Bình, TP. Cầm Pha, QNH|||Ngày bán: 12/08/2020 21:18|||TỔNG TIỀN PHẢI T. TOÁN|||20.000"
mcocr_private_145121veynk.jpg,0.5,"Yincommerce|||Và Vài% 17TM Chợ Sửi|||Số 42 Phổ Sui, Xà Phú Thị|||Huyện Gia Làm, Hà Nội|||Ngày bán:14/08/2020 17:26|||TỔNG TIỀN PHẢI T. TOÁN|||193.920"
mcocr_private_145121vgzge.jpg,0.5,"Vincommerce|||VM+ QNH 86 Trần Phú|||Số 85 Đường Trần Phú, P. Câm Tây|||TP Cám Phà, T. Quảng Ninh|||Ngày bán:10/08/2020 22:08|||TỔNG TIỀN PHẢI T.TOÁN|||18.100"
mcocr_private_145121vmfkr.jpg,0.5,"Vincommerce|||VM+ TTTM Chợ Súi|||Số 42 Phổ Súi, xã Phú Thị|||HUYỆN GIA LÂM, HÀ NỘI|||Ngày bán: 15/08/2020 07:55|||TỔNG TIỀN PHẢI T. TOÁN TIN|||148.000"
mcocr_private_145121rjbqf.jpg,0.5,"Uncommerced|||""VM% QNH Tô 7,Khu Minh Tiền A Nam""|||Tô 7, Khu Minh Tiền A|||P. Cầm Bình, TP. Cầm Phả, QNH|||Ngày:13/08/2020|||Thời gian:18:16|||"
mcocr_private_145121rjevp.jpg,0.5,Vincommerce||||||Ngày tin:13/00/2020 16:01|||TỔNG TIỀN PHẢI T. TOÁN|||TỔNG TIỀN Á GIÃM|||240.032
mcocr_private_145121rsloz.jpg,0.5,"CỬA HÀNG NĂM OÁNH|||Xã Thôn Phú Thuy, Xã Phú Thị, Huyện Gia Lâm, TP Hà Nội|||Ngày: 11-08-2020|||Cộng tiền hàng|||57,000"
mcocr_private_145121rtjyu.jpg,0.5,||||||NGÀY HẾ THỐNG: 14/08/2020 22:18|||Tổng thanh toán|||Tổng Tiền|||25.161.872|||25.310.872
mcocr_private_145121rtufg.jpg,0.5,Welcome to Trung Nguyen Legend|||Add: 683 - 685 duong 3/2 P.6 Q.10|||04/20/19 11:25|||
mcocr_private_145121rvoxa.jpg,0.5,"Saigon Co.op|||1980 Co.0p Food HN THE K-PARK|||the ket hop dich vu tren o dat H-cT2 thuoc|||Du an Dau tu xay dung Khu nha o Hi Brand|||Ngay: 19/09/2019 10:14:44|||Tong so tien thanh toan:|||25,200.00"
mcocr_private_145121sbmxe.jpg,0.5,"Vincommerce|||VM+ QNH 86 Trần Phú|||TP Cẩm Phả, T. Quảng Ninh|||Ngày bán:10/08/2020 09:29|||TỔNG TIỀN PHẢI T. TOÁN|||323.495"
mcocr_private_145121sngso.jpg,0.5,TRONG SCTC CÓ THỎ 104 TRẦN PHÚ - CẤM THẾ|||PHÀ|||104 Trần Phú - phường Cẩm Tây - Thành phố Cấm|||Phả - Quảng Ninh|||Ngày: 09/08/2020 (09:28 CH - 09:28 CH)|||Tổng thanh toán|||60.000
mcocr_private_145121spywb.jpg,0.5,"Vincommerce|||VM+ QNH Tố 7, Khu Minh Tiền A|||Tô 7, Khu Minh Tiền A|||1991 P. Cầm Bình, TP. Cầm Phá, QNH|||Ngày bán: 10/08/2020 12:28 mm|||TỔNG TIỀN PHẢI T.TOÁN|||20.000"
mcocr_private_145121sqpwb.jpg,0.5,"Saigon Co.op|||Co.op Food HN THE K-PARK|||the ket hop dich vu tren o dat H-cT2 thuoc|||Du an Dau tu xay dung Khu nha o Hi Brand|||2 Quay: 02|||Ngay: 19/09/2019 18:16:44|||Tong so tien thanh toan:|||59,190.00"
mcocr_private_145121srzde.jpg,0.5,"THỨC COFFEE|||22 Quang Trung, P10, Gò Vấp|||Giờ vào:|||09.30|||Tiền Thanh Toán:|||35 000"
mcocr_private_145121ssqlo.jpg,0.5,"Vincommerce|||VM+ QNH Tổ 8 Khu 3B Cầm Trung|||Tổ 8, Khu 3B, P. Cảm Trung|||TP. Cầm Phà, T. Quảng Ninh|||Ngày bán: 13/08/2020 06:10|||TỔNG TIỀN PHẢI T.TOÁN|||28.000"
mcocr_private_145121stjms.jpg,0.5,"Vincommerce|||VM+ QNH 1060-1062 Trần Phú|||Số 1050-1062 Đường Trân Phú|||TP. Cầm Phả, Quảng Ninh|||Ngày bán: 15/08/2020 09:46|||TỔNG TIỀN PHẢI T. TOÁN|||54.463"
mcocr_private_145121suqcn.jpg,0.5,"Vincommerce|||VM+ QNH Dự án KDC lần biển cọc 6|||DA khu DCLB cọc 8, p. câm sơn|||TP. Câm Phà, T. Quàng Ninh|||Ngày bán:14/08/2020 16:35|||TỔNG TIỀN PHẢI T. TOÁN|||6.400"
mcocr_private_145121svpot.jpg,0.5,"|||Tổ 7 khu Tân Lập 4 - P.Cẩm Thủy|||Tp. Cẩm Phả - Quảng Ninh|||11/08/2020 - 17:52|||Cộng tiền hàng:|||Tổng cộng:|||20,000|||20,000"
mcocr_private_145121szjzk.jpg,0.5,"Vincommerce|||VM+ QNH Tổ 7, Khu Minh Tiền A|||Tổ 7, Khu Minh Tiền A|||P. Cẩm Bình, TP. Cấm Phà, QNH|||Ngày bán:15/08/2020 10:14|||TỔNG TIỀN PHẢI T.TOÁN|||31.500"
mcocr_private_145121taoai.jpg,0.5,"Vincommerce|||VM+ QNH 112 Thanh Niên|||Số 112 Thanh Niên, P. Cẩm Thành|||TP. Cầm Phà, Quảng Ninh|||Ngày bán:15/08/2020 09:12|||TỔNG TIỀN PHẢI T.TOÁN|||12.000"
mcocr_private_145121gntrz.jpg,0.5,"Vincommerce|||Thứ Số 1060-1002 Dương Trần Phú|||TP. Cầm Phà, Quảng Ninh|||Ngày bán: 12/08/2020 20:15|||TỔNG TIỀN PHẢI T.TOÁN|||46.000"
mcocr_private_145121haoxr.jpg,0.5,"||||||NGÀY:|||19:39:11|||TỔNG CÔNG:|||""UNDZ49,600"""
mcocr_private_145121hlcvt.jpg,0.5,"MINIMART ANAN|||Chợ Sủi Phú Thị Gia Lâm Đó|||Ngày: 11/08/2020-21:11|||Ngày: 11/08/2020-21:11|||Tổng tiền|||701,040"
mcocr_private_145121hzene.jpg,0.5,ĐÃ NHÀ SÁCH GD-TC CẨM PHẢI|||Đc: 212 Đường Trấn Phú-Cẩm Phả|||Thời gian:11:37:45 - 14/08/2020|||Tổng số thanh toán:|||220.000
mcocr_private_145121ieaju.jpg,0.5,"Saigon Co.op|||Co.op Food HN THE K-PARK|||ket hop dich vu tren o dat H-cT2 thuoc|||Du an Dau tu xay dung Khu nha o Hi Brand|||Tai Khu do thi moi Van Phu, Tan|||P. Phu La, Q. Ha Dong, Tp Ha Noi|||Ngay: 20/09/2019 12:18:21|||Tong so tien thanh toan:|||27,213.00"
mcocr_private_145121inkgz.jpg,0.5,"MINIMART ANAN|||Chợ Sùi Phú Thị Gia Lâm|||Ngày: 15/08/2020-19:15|||Tổng cộng|||79,000"
mcocr_private_145121inqak.jpg,0.5,"Vincommerce|||Số 690 Trần Phú, P. Cầm Thuy|||TP. Cảm Phá, Quảng Ninh|||Ngày bán: 14/08/2020 09:04|||TỔNG TIỀN PHẢI T.TOÁN|||15.000"
mcocr_private_145121itzwi.jpg,0.5,"SIEU THI BACH HOA TONG HOP|||Số 5 Cầm Tây - Cẩm Phá - QN|||Ngày: 10/08/2020-11:|||Tổng cộng (đã gồm VAT)|||144,000|||144,000"
mcocr_private_145121izwpe.jpg,0.5,||||||THU NÀY KINI DOM 13/06/2020|||Tổng Tiền|||16.899.087|||16.941.087
mcocr_private_145121jfljk.jpg,0.5,"Vincommerce|||Tổ 8, Khu 38, P. Cần Trưng|||TP. Cát Phá, T. Oàng Mrà|||Ngày bán:13/00/2020 10:03|||TỔNG TIỀN PHẢI T. TOÁN|||14.000"
mcocr_private_145121jjefo.jpg,0.5,"BIG C DI AN|||CTY TNH EB BINH DUONG (""EBBD"")|||P.Dong Hoa, TX Di An, Tinh Binh Duong|||Ticket: 026000164 06/10/2019 13:34:06|||tong cong|||44.057d"
mcocr_private_145121jnyda.jpg,0.5,"Vincommerce|||T67, Khu Minh Tiền A|||P. Cầm Binh, TP. Cầm Phà, QNH|||Ngày bán: 13/08/2020 16:33|||TỔNG TIỀN PHẢI T. TOÁN|||33.800"
mcocr_private_145121jrylx.jpg,0.5,"PHÔ MỎ|||Tổ 7 khu tân lập 4 - p. cẩm thủy|||Tp. Cẩm Phả - Quảng Ninh|||11 / 08/2020-22:32|||Tổng cộng:|||25,000"
mcocr_private_145121emlvc.jpg,0.5,"Vincommerce|||VM+ QNH Tổ 7, Khu Minh Tiền A|||Tố 7, Khu Minh Tiền A|||P. Cấm Bình, TP. Cẩm Phả, QNH|||Ngày bán:11/08/2020 11:27|||TỔNG TIỀN PHẢI T. TOÁN|||12.100"
mcocr_private_145121eojyh.jpg,0.5,"MINIMART ANAN|||Trong Chợ Sủi Phú Thị Gia Lâm Đó|||Ngày: 10/08/2020-17:22|||Tổng cộng|||68,000"
mcocr_private_145121evclb.jpg,0.5,SCTC CÔ THỎ 104 TRẦN PHÚ - CẨM|||PHẢ|||phường căm tây|||Phả - Quảng Ninh|||Ngày: 08/08 0/0|||Tổng thanh toán
mcocr_private_145121fbfct.jpg,0.5,Vincommerce||||||Ngày bán: 12/08/2020 16:09|||TỔNG TIỀN PHẢI T.TOÁN|||397.300
mcocr_private_145121fmuoc.jpg,0.5,||||||24/08/2020|||
mcocr_private_145121fpqeu.jpg,0.5,"Vincommerce|||VM+ QNH DỰ ÁN KDC lấn biển cọc 6|||19 DA khu DCLB cọc 6, P. Câm Sơn Thu|||19 TP. Câm Phả, T. Quảng Ninh|||Ngày: 15/08/2020|||Thời gian:10:28|||"
mcocr_private_145121fqdpf.jpg,0.5,|||||||||Ly
mcocr_private_145121fszli.jpg,0.5,"MINIMART ANAN||||||Ngày: 15/08/2020-18:41|||Tổng tiền:|||99,000"
mcocr_private_145121gbura.jpg,0.5,"Co. op Mart HAU GIANG||||||Ngay: 21/05/2020 19:52:14|||so tien thanh toan:|||1,488,500.00|||45"
mcocr_private_145121gdeww.jpg,0.5,|||||||||Tổng Tiền|||4.10.466
mcocr_private_145121geflx.jpg,0.5,Vincommerce||||||NGÀY BÁN: 13/06/2020 10120|||TỔNG TIỀN PHẢI T.TOÁN|||203.397
mcocr_private_145121gekvy.jpg,0.5,"VINMART|||ĐỊA CHỈ:|||1991 SỐ 590 TRẦN PHÚ,P.CAN THỦ|||14/68/2020 17:13:03|||19|||50.000 Đ"
mcocr_private_145121ggbsz.jpg,0.5,"Vincommerce|||VM+ QNH Tố 7, Khu Minh Tiền A|||T6 7, Khu Minh Tiền A|||P. Cầm Bình, TP. Cầm Phá, QNH|||Ngày bán:12/08/2020 21:05|||TỔNG TIỀN PHẢI T. TOÁN|||40.900"
mcocr_private_145121gguzl.jpg,0.5, NHÀ SÁCH GD-TC CÂM PHẢ THỊ|||1981 Đc: 212 Đường Trần Phú-Cẩm Phải|||Thời gian:20:10:41 - 14/08/2020|||Tổng số thanh toán:|||302.000
mcocr_private_145121vpylo.jpg,0.5,"|||244/23a Huỳnh Văn Bánh, P.11, Q.PN|||Ngày/ giờ ra:|||Ngày/giờ vào|||04.10.2020 19.36|||04.10.2020 19.35|||Tiền Thanh Toán:|||74000"
mcocr_private_145121vspoh.jpg,0.5,"MINIMART ANAN|||Chợ Sủi Phú Thị Gia Lâm|||Ngày: 10/08/2020-17:10|||Tổng tiền|||135,336"
mcocr_private_145121vwcbq.jpg,0.5,"Saigon Co.op|||Co.op Food HN THE K-PARK|||thanh ket hop dich vu tren o dat H-cT2 thuoc thu|||Du an Dau tu xay dung Khu nha o Hi Brand|||tai Khu do thi moi Van Phu,|||Ngay: 20/07/2017 10:25:34|||Tong so tien thanh toan:|||27,291.20"
mcocr_private_145121vztxn.jpg,0.5,"LÊ TÊN ĐAI LÝ:|||ĐỊA CHỈ:|||1062-SỐ 1060-1062 TRẦN PHÚ,P.C|||NGÀY:|||THANH TOÁN:|||TỔNG:|||100.000 Đ"
mcocr_private_145121wfclu.jpg,0.5,"Vincommerce|||VM+ QNH Tổ 7, Khu Minh Tiền A|||Tổ 7, Khu Minh Tiền A|||P. Cấm Bình, TP. Cầm Pha, QNH|||Ngày bán:09/08/2020 11:13|||TỔNG TIỀN PHẢI T.TOÁN|||45.000"
mcocr_private_145121wqvca.jpg,0.5,"TÊN DAI LY:|||""THỊ TÚ 8 KHU 3B,P.CÂN TRUNG,1""|||13/08/2020 19:12:43|||"
mcocr_private_145121wrkxs.jpg,0.5, SCTC CÔ THỎ 104 TRẦN PHÚ - CẨM|||PHẢ|||Phường Cấm Tây Thành phố Cấm|||104 Trần Phú|||Phả - Quảng Ninh|||18/08/08/2020 (10:35 CH) 10:35 CH)|||Tổng thanh toán|||125.000
mcocr_private_145121wvbms.jpg,0.5,"Vincommerce|||VM+ QNH Tố 7, Khu Minh Tiền A|||Tổ 7, Khu Minh Tiền A|||P. Cẩm Bình, TP. Câm Pha, QNH|||Ngày bán:14/08/2020 10:53|||TỔNG TIỀN PHẢI T. TOÁN|||70.1981"
mcocr_private_145121wwpst.jpg,0.5,||||||NGÀY HỆ THỐNG: 13/06/2020 22:04|||Tổng thanh toán|||Tổng Tiền|||17.062.714
mcocr_private_145121xducg.jpg,0.5,"Saigon Co.op|||Co. op Food HN THE K-PARK|||Tang 1, SH42 - Toa K3,Cong trinh chung cu|||ket hop dich vu tren o dat H-cT2 thuoc|||Du an Dau tu xay dung Khu nha o Hi Brand|||Tai Khu do thi moi Van Phu, Ho|||Ngay: 23/09/2019 11:12:15|||Tong so tien thanh toan:|||53,889.00"
mcocr_private_145121xefpx.jpg,0.5,"A MINIMART ANAN|||Chợ Sủi Phú Thị Gia Lâm|||Ngày: 16/08/2020-17:19|||Tổng cộng:|||89,500"
mcocr_private_145121xgfdd.jpg,0.5,"MINIMART ANAN|||Chợ Sủi Phú Thị Gia Lâm|||Ngày: 16/08/2020-16:51|||Tổng cộng|||86,000"
mcocr_private_145121xmjqr.jpg,0.5,"Vincommerce|||TP. Cầm Phà, Quảng Ninh|||Ngày bán: 13/08/2020 06:45|||TỔNG TIỀN PHẢI T.TOÁN|||36.000"
mcocr_private_145121xnpxe.jpg,0.5,"|||19|||CAM PHA QUANG MINH|||2R/05/2020|||11:13:58|||TỔNG CỘNG:|||UND110,898"
mcocr_private_145121xturt.jpg,0.5,"THỨC COFFEE|||22 Quang Trung, P10, Gò Vấp|||Giờ vào:|||09.30|||Giờ ra:|||Tiền Thanh Toán|||35 000"
mcocr_private_145121ycazg.jpg,0.5,"Uncommerce|||VM+ QNH Tổ 7, Khu Minh Tiền A|||Tổ 7, Khu Minh Tiền A|||12 P. Cầm Bình, TP. Cầm Phà, QNH|||Ngày: 15/08/2020|||Thời gian:11:08|||"
mcocr_private_145121yezog.jpg,0.5,"la lung|||Cam Pha Quang Ninh|||17:34:41|||TỔNG CỘNG:|||UND271,000"
mcocr_private_145121yprkq.jpg,0.5,"ket hop dich vu tren o dat nu|||Du an Dau tu xay dung Khu nha o Hi Brand|||P. Phu La, Q. Ha Dong, Tp Ha Noi|||Ngay: 19/09/2017 18:19:11|||Tong so tien thanh toan:|||54,000.00"
mcocr_private_145121ytqjr.jpg,0.5,"Vincommerce|||VM+ QNH Tổ 8 Khu 3B Cầm Trung|||Tổ 8, Khu 3B, P. Cần Trung|||TP. Cảm Phà, T. Quảng Ninh|||Ngày bán: 13/08/2020 11:47|||TỔNG TIỀN PHẢI T. TOÁN|||40.000"
mcocr_private_145121ytyju.jpg,0.5,"Vincommerce|||VM+ QNH DỰ ÁN KDC IẤN BIÊN CỌC 6|||DA khu DCLB cọc 8, P. Càm Son|||TP. Cầm Pha, T. Quảng Hình|||Ngày bán:12/08/2020 18:15 mm|||TỔNG TIỀN PHẢI T. TOÁN|||27.992"
mcocr_private_145121yyzal.jpg,0.5,ĐÃ NHÀ SÁCH GD-TC CẨM PHẢ|||Đc: 212 Đường Trần Phú-Cẩm Phả|||Thời gian:09:48:24 - 13/08/2020|||Tổng số thanh toán:|||70.000
mcocr_private_145121yzycq.jpg,0.5,"Vincommerce|||VM+ QNH 10s0-1062 Trần Phú|||Số 1080-1082 Đường Trần Phú|||TP. Cầm Phả, Quảng Ninh|||Ngày bán: 13/08/2020 16:58|||TỔNG TIỀN PHẢI T. TOÁN|||100.700"
mcocr_private_145121zbmnw.jpg,0.5,"TÊN ĐÀI LÝ:|||ĐỊA CHỈ ĐAI LÝ|||NHA TO 8 KHU 3B P CAM TRUNG|||Cam Pha Quang Ninh||||||TỔNG CỘNG:|||UND62,000"
mcocr_private_145121zgxth.jpg,0.5,"Vincommering|||VM+ QNH 112 Thanh Niên|||TP. Cầm Phá, Quảng Ninh|||Ngày bán:11|||08/2020 12:46|||TỔNG TIỀN PHẢI T. TOÁN|||26.400"
mcocr_private_145121zpirw.jpg,0.5,"Vincommerce|||VM+ QNH 1060-1062 Trần Phú|||Số 1060-1062 Đường Trân Phú|||TP. Càm Phả, Quảng Ninh|||Ngày bán:14/08/2020 21:13|||TỔNG TIỀN PHẢI T.TOÁN|||55.100"
mcocr_private_145121zqvoc.jpg,0.5,"MINIMART ANAN|||Chợ Sủi Phú Thị Gia Lâm Đó|||Ngày: 10/08/2020-16:08|||Tổng cộng:|||32,000"
mcocr_private_145121zrjti.jpg,0.5,"Vincommerce|||Số 5W Trần Phú P. Của TVị|||TP Cầm Phá, Quảng Hình|||Ngày bán: 14/08/2020 07:39|||TỔNG TIỀN PHẢI T. TOÁN|||61.000"
mcocr_private_145120hnosf.jpg,0.5,"|||Tên người mua: Phạm Thục Anh|||Giờ in: 15:04:51|||Cộng|||172,800"
mcocr_private_145120hnuff.jpg,0.5,"MINIMART ANAN|||Thuy Chợ Sủi Phú Thị Gia Lâm||||||Tổng tiền|||481,000"
mcocr_private_145120hsylc.jpg,0.5,"Vincommerce|||VM+ QNH Tổ 8 Khu 3B Cầm Trung|||Tổ 8, Khu 3B, P. Càm Trung|||TP. Cảm Phà, T. Quảng Ninh|||Ngày bán: 13/08/2020 11:28|||TỔNG TIỀN PHẢI T.TOÁN|||113.400"
mcocr_private_145120huazo.jpg,0.5,NHÀ SÁCH GD.TC CÁM PHẢ|||Đc: 212 Đường Trấn Phú-Cẩm Phà|||Thời gian:10.43 17 - 15/08/2020|||Tổng số thanh toán:|||97.000
mcocr_private_145120ihcbk.jpg,0.5,"Vincommerce|||""VM% QNH Tô 7,Khu Minh Tiền A|||Tô 7, Khu Minh Tiền Á|||P. Cẩm Bình, TP. Cầm Phà, QNH|||Ngày:14/08/2020|||Thời gian:17:11|||"
mcocr_private_145120ilwww.jpg,0.5,"Vincommerce|||VM+ QNH DỰ ÁN KDC lấn biên cọc 6|||DA khu DCLB cọc 8, P. Cảm Sơn|||TP. Câm Phả, T. Quảng Ninh|||Ngày bán:12/08/2020 18:22|||TỔNG TIỀN PHẢI T. TOÁN|||17.500"
mcocr_private_145120imnbf.jpg,0.5,"CỬA HÀNG NĂM OÁNH|||Thôn Phú Thuy, Xà Phú Thị, Huyện Gia Lâm, TP Hà Nội|||Ngày: 12-08-2020|||Cộng tiền hàng|||72,000"
mcocr_private_145120inznw.jpg,0.5,||||||Ngày & Giờ:|||Thanh toán|||533.000 đ
mcocr_private_145120ipajj.jpg,0.5,"Vincommerce|||TP. Cầm Phủ, Quảng Ninh|||Ngày bán:11/08/2020 22:03|||TỔNG TIỀN PHẢI T.TOÁN|||21.400"
mcocr_private_145120ipczv.jpg,0.5,"CỬA HÀNG NĂM OÁNH|||Thôn Phú Thuy, Xà Phú Thị, Huyện Gia Lâm, TP Hà Nội|||Ngày: 12-08-2020)|||Cộng tiền hàng|||51,500"
mcocr_private_145120ipgzm.jpg,0.5,"|||515 TÙ 7 NINH 11ĐN A|||Cam Dinh Can Pha Quan|||NGAY:|||14/08/2020|||17:29:33|||TỔNG CỘNG:|||HUND50,000"
mcocr_private_145120ipola.jpg,0.5,"PHÔ MỎ|||Tổ 7 khu Tân Lập 4 - P.Cẩm Thủy -|||Tp. Cẩm Phả - Quảng Ninh|||13/08/2020-20 36|||Tổng cộng:|||30,000"
mcocr_private_145120irora.jpg,0.5,"MINIMART ANAN|||Chợ Sủi Phu Thị Gia Lâm|||Ngày: 15/08/2020-21:27|||Tổng cộng|||27,000"
mcocr_private_145120ixnws.jpg,0.5,"MINIMART ANAN|||Chợ Sủi Phú Thị Gia Làm|||Ngày: 13/08/2020-17:30|||Tổng cộng:|||344,000"
mcocr_private_145120jekcw.jpg,0.5,"CỬA HÀNG NĂM OÁNH|||Thôn Phú Thuy, Xã Phú Thị, Huyện Gia Lâm, IP Hà Nội|||Ngày: 12-08-2020|||Cộng tiền hàng|||182,000"
mcocr_private_145120jhbvb.jpg,0.5,"Vincommerce|||VM+ QNH Tô 7, Khu Minh Tiền A|||Tô 7, Khu Minh Tiền A|||P. Cẩm Bình, TP. Cẩm Phà, QNH|||Ngày bán:14/08/2020 21:42|||TỔNG TIỀN PHẢI T. TOÁN|||210.000"
mcocr_private_145120jihqh.jpg,0.5,|||||||||
mcocr_private_145120jlnto.jpg,0.5,|||||||||Tổng Tiền|||Tổng thanh toán|||22.491.113|||22.423.113
mcocr_private_145120jrznp.jpg,0.5,"Vincommerce|||Vùi 354-356 Mỹ Đình|||Số 354-356 Mỹ Đình, P Mỹ Đinh 1|||Q. Nam Từ Liêm, Hà Nội|||Ngày bán: 13/07/2020 20:30|||TỔNG TIỀN PHẢI T.TOÁN|||205.500"
mcocr_private_145120jsfef.jpg,0.5,"MINIMART ANAN|||Chợ Sủi Phú Thị Gia Lâm Chính|||Ngày: 09/08/2020-18:40|||Tổng cộng:|||64,500"
mcocr_private_145120jtake.jpg,0.5,"Vincommerce|||VM+ QNH Tố 7, Khu Hinh Tiền A|||13 Tô 7, Khu Minh Tiền A 1|||P. Cẩm Bình, TP. Cảm Phà, QNH|||Ngày:13/08/2020|||"
mcocr_private_145120jvfzz.jpg,0.5,"MINIMART ANAN|||Chọ Sài Phú Thị Gia Lâm|||Ngày: 10/08/2020-18:17|||Tổng tiền:|||236,000"
mcocr_private_145120jwxbj.jpg,0.5,"wor the coffee house|||403 Phan Huy Ich, P.14, Q.Gò Vấp|||Thời gian:30.09.2020 08.08 Số HĐ: 19809052972020|||Thanh Toán:|||40 000"
mcocr_private_145120jzwyq.jpg,0.5,"Vincommerce|||VM+ QNH Dự án quỹ đất đường sắt|||DA QĐ dọc tuyên ĐS Tô 3 Khu 2|||P. Cầm Sơn, TP. Cầm Phà, T. QN|||Ngày bán:15/08/2020 11:01|||TỔNG TIỀN PHẢI T. TOÁN|||12.000"
mcocr_private_145120kdutu.jpg,0.5,"Vincommerce|||VM+ QNH Số 463 Tổ 66 Khu Diêm Thủy|||Số 463, Tổ 86, Khu Diêm Thúy|||Ngày bán:15/08/2020 08:59|||TỔNG TIỀN PHẢI T. TOÁN|||105.378"
mcocr_private_145120kfxtr.jpg,0.5,"MINIMARTANAN|||Chợ Sùi Phú Thị Gia Lâm Đó|||Ngày: 13/08/2020-10:34|||Tổng tiền|||270,016"
mcocr_private_145120kktef.jpg,0.5,"Saigon Co.op|||Co.op Food HN THE K-PARK|||Tang 1,SH42 - Toa K3,Cong trinh chung cu|||the ket hop dich vu tren o dat H-cT2 thuoc|||Du an Dau tu xay dung Khu nha o Hi Brand|||tai Khu do thi moi Van Phu,|||P. Phu Lay Q. Ha Dong, Tp Ha Noi|||Ngay: 20/09/2019 12:18:21|||Tong so tien thanh toan:|||27,213.00"
mcocr_private_145120kmaos.jpg,0.5,||||||08/08/2020 21:54:35|||THÀNH TOÁN|||TAI QUẦY
mcocr_private_145120kqech.jpg,0.5,"Vincommerce|||VM+ QNH 86 Trần Phú|||Số 36 Đường Trần Phú, P. Cảm Tây|||TP Cẩm Phá, T. Quảng Ninh.|||Ngày bán:11/08/2020 09:26|||TỔNG TIỀN PHẢI T. TOÁN|||42.600"
mcocr_private_145120ksdpo.jpg,0.5,"Saigon Co.op|||Cowop Food HN THE K-PARK|||Tang 1,SH42 - Toa K3, Cong trinh chung cu|||ket hop dich vu tren o dat H-CT2 thuoc|||Du an Dau tu xay dung khu nha o Hi Brand|||P. Phu La, Đ. Hà Dong, Tp Ha Noi|||Ngay: 19/09/2019 18:17:43|||Tong so tien thanh toan:|||30,265.00"
mcocr_private_145120kshcd.jpg,0.5,"PHÓ MỎ|||Tổ 7 khu Tân Lập 4 - P.Cấm Thủy Nam|||Tp. Cẩm Phả - Quảng Ninh|||13/08 j 2020 - 20:52|||Tổng cộng:|||24,000"
mcocr_private_145120kyged.jpg,0.5,"In the coffee house|||403 Phan Huy Ich, P.14, Q.Gò Vấp|||Thời gian:30.09.2020 08.10 Số HĐ: 19809052992020|||Thanh Toán:|||78000"
mcocr_private_145120licwr.jpg,0.5,"Vincommerce|||VM+ QNH 1050-1062 Tiền Phú|||Số 1680-1082 Dương Trần Phú|||TP. Cầm Phà, Quảng Ninh|||Ngày bán: 12/08/2020 21:49|||TỔNG TIỀN PHẢI T.TOÁN|||19.500"
mcocr_private_145120ljmmd.jpg,0.5,ĐÃ NHÀ SÁCH GD-TC CẨM PHÁP|||Đc: 212 Đường Trấn Phú-Cẩm Phả|||Thời gian:21:34:59 - 14/08/2020|||Tổng số thanh toán:|||25.000d
mcocr_private_145120lqifx.jpg,0.5,"Vincommerce|||VM+ QNH 1060-1062 Trần Phú|||Số 1080-1062 Đường Trân Phú|||TP. Cầm Phà, Quảng Ninh|||Ngày:13/08/2020|||Thời gian:20:58|||"
mcocr_private_145120lrmyr.jpg,0.5,"Tr Thời trang xuất khẩu M2|||ĐC: Tầng 2 Melinh Plaza Hà Đông|||đồ lót, phụ kiện|||12/08/2020 18:30|||Tổng tiền|||450,001"
mcocr_private_145120mdxbf.jpg,0.5,"Vincommerce|||VM+ QNH 112 Thanh Niên|||TP. Cầm Phả, Quảng Ninh|||Ngày bán:12/08/2020 11:40|||TỔNG TIỀN PHẢI T.TOÁN|||29.700"
mcocr_private_145120mfwwi.jpg,0.5,LUINMART|||TÊN ĐẠI LÝ:|||ĐỊA CHỈ:|||NGÀY HẾT HẠN: 2024/12/31|||14/08/2020 19:05:19|||TỔNG:|||50.000 Đ
mcocr_private_145120podbv.jpg,0.5,NHÀ SÁCH GD-TC CẨM PHẢ|||ĐC: 212 Đường Trần Phú-Cẩm Phả|||Thời gian:17:54:19 - 14/08/2020|||Tổng số thanh toán:|||90.000
mcocr_private_145120pxmgi.jpg,0.5,"Vincommerce|||VM+ 139 Chiến Thắng|||Số 139 đường Chiến Tháng,|||P Tân Triều, H Thanh Trì, Hà Nội|||Ngày bán: 13/08/2020 08:31|||TỔNG TIỀN PHẢI T.TOÁN|||192.800"
mcocr_private_145120pybmq.jpg,0.5,||||||NGAY HET HAN: 2022/08/03|||NGÀY HẾT HAN: 2022/08/03|||14/08/2020 18:21:05|||TỔNG|||200.000 Đ
mcocr_private_145120pyezf.jpg,0.5,"||||||2020-08-15 16: 19P0S:0001-0089|||PAYMENT|||262,000"
mcocr_private_145120pyvtt.jpg,0.5,||||||SỐ GIAO DỊCH: 0410246 21:32 15/08/2020|||TỔNG THANH TOÁN|||126.000
mcocr_private_145120pzxut.jpg,0.5,ĐÃ NHÀ SÁCH GD-TC CẨM PHẢI|||19 Đc: 212 Đường Trần Phú-Cẩm Phả Nội|||Thời gian:20:06:56 - 14/08/2020|||Tổng số thanh toán:|||175.000
mcocr_private_145120qbknh.jpg,0.5,"Vincommerce|||Vinh QNH T67, Khu Minh Tiền A|||Tô 7, Khu Minh Tiền A|||P. Cầm Bình, TP. Cầm Phú, QIM|||Ngày bán: 12/08/2020 20:46|||TỔNG TIỀN PHẢI T.TOÁN|||10.000"
mcocr_private_145120qdoha.jpg,0.5,"MINIMART ANAN|||||||||Tổng cộng:|||235,000"
mcocr_private_145120qgzmk.jpg,0.5,"SIEU THI BACH HOA TONG HOP|||Số 5 Cấm Tây - Cẩm Phá - QN|||Ngày: 10/08/2020-10:|||Tổng cộng (đã gồm VAT):|||7.00|||104,000"
mcocr_private_145120qlhmj.jpg,0.5,CUK CUK BUFFET BBQ8 HOT POT|||Địa chỉ: Tầng 3 - Tòa nhà Vinh Centre - TP.Vinh|||Giờ vào:|||TỔNG HỢP 219K|||Thành tiền:|||1144000|||45 000
mcocr_private_145120qlhnj.jpg,0.5,|||34 Xuân La|||Còn phải thu|||Ngày hẹn giao: 19/12/2019 - 12:25 CH|||Ngày: 19/12/2019|||Tổng thanh toán|||594.000
mcocr_private_145120qoenw.jpg,0.5,"Vincommerce|||VM+ QNH Tổ 7, Khu Minh Tiền A|||Tố 7, Khu Minh Tiền A|||P. Cầm Bình, TP. Cầm Phá, QNH|||Ngày bán:11/08/2020 09:08|||TỔNG TIỀN PHẢI T. TOÁN|||99.000"
mcocr_private_145120qopqu.jpg,0.5,"Saigon Co.op|||Co.op Food HN THE K-PARK|||Tang 1, SH42 - Toa K3, Cong trinh chung cu|||ket hop dich vu tren o dat H-cr2 thuoc|||Du an Dau tu xay dung Khu nha o Hi Brand|||tai Khu do thi noi Van Phu,|||P. Phu La, Q. Ha Dong, Tp Ha Noi|||La Quaya 02|||Ngay: 17/09/2019 11:40:34|||Tong so tien thanh toan:|||30,912.00"
mcocr_private_145120qrboq.jpg,0.5,"Co.opHart HA NOI|||KM 10 - Nguyen Trai - Ha Dong|||Ngay: 20/07/2020 21:02:52|||Tong so tien thanh toan:|||156,200.00"
mcocr_private_145120qsskw.jpg,0.5,"Guitar Cafe|||28 Phan Chu Trinh, Hiệp Phú, Quận 9, Hồ|||Ngày lập: 03/10/2020|||Thành tiền: 20,000"
mcocr_private_145120qxnqk.jpg,0.5,"Vincommerce|||VM+ QNH Tô 7, Khu Minh Tiền A|||Tổ 7, Khu Minh Tiền A|||- Câm Bình, TP. Cầm Phà, QNH|||Ngày bán:14/08/2020 11:54|||TỔNG TIỀN PHẢI T. TOÁN|||8.800"
mcocr_private_145120rfgjj.jpg,0.5,"Vincommerce|||VM+ QNH 112 Thanh Niên|||TP. Càm Phà, Quảng Ninh|||Ngày bán:15/08/2020 11:17|||TỔNG TIỀN PHẢI T. TOÁN|||43.800"
mcocr_private_145120rgoiu.jpg,0.5,"Guitar Cafe|||28 Phan Chu Trinh, Hiệp Phú, Quận 9, Hồ|||Ngày lập: 02/10/2020|||Thành tiền: 85,000"
mcocr_private_145120rlash.jpg,0.5,"CỬA HÀNG NĂM OÁNH|||Xã Thôn Phú Thuy, Xã Phú Thị, Huyện Gia Lâm, TP Hà Nội Nội|||Ngày: 11-08-2020|||Cộng tiền hàng|||105,000"
mcocr_private_145120rnpak.jpg,0.5,"Vincommerce|||VM+ QNH DỰ ÁN KDC lần biên cọc 6|||DA khu DCLB cọc 8, P. Cảm Sơn|||TP. Cầm Pha, T. Quảng Ninh|||Ngày bán: 12/08/2020 11:02|||TỔNG TIỀN PHẢI T.TOÁN|||TỔNG TIỀN Á GIÃM|||3.984"
mcocr_private_145120rpsfw.jpg,0.5,SCTC CÔ THỎ 104 TRẦN PHÚ - CẨM|||PHẢ|||104 Trần Phú - phường Cẩm Tây - Thành phố Cấm|||Phá - Quảng Ninh|||Ngày: 10/08/2020 (09:48 CH - 09:48 CH)|||Tổng thanh toán|||45.000a
mcocr_private_145120rtacs.jpg,0.5,"Saigon Co.Op|||1980 Co.op Food HN THE K-PARK|||the ket hop dich vu tren o dat H-cT2 thuoc tranh|||The Du an Dau tu xay dung Khu nha o Hi Brand Hoa|||1989 P. Phu La, 9. Ha Dong, Tp Ha Noi|||Ngay: 19/09/2019 18:16:44|||Tong so tien thanh toan:|||59,190.00"
mcocr_private_145120rtovn.jpg,0.5,"Thanh|||Xuân|||244/23a Huỳnh Văn Bánh, P.11, Q.PN|||Ngày/ giờ ra:|||Ngày/ giờ vào: 05.10.2020 10.15|||05.10.2020 10.16|||Tiền Thanh Toán:|||117000"
mcocr_private_145120rumkt.jpg,0.5,"Vincommerce|||VM+ QNH T67, Khu Mình Tiền A|||T61, Kho Minh Tien A|||P. Cầm Bình, TP. Cầm Phá, OIH|||Ngày bán: 12/08/2020 21:19|||TỔNG TIỀN PHẢI T.TOÁN|||47.900"
mcocr_private_145120rvshv.jpg,0.5,"|||Tổ 7 khu tân lập 4 - p.cấm thủy|||Tp. Cẩm Phả - Quảng Ninh|||11/08/2020 - 16: 25|||Tổng cộng |||160,000"
mcocr_private_145120rwlmr.jpg,0.5,"MINIMARTANANT|||Chợ Sủi Phù Thị Gia Lâm|||Ngày: 13/08/2020-18:02|||Tổng cộng:|||117,000"
mcocr_private_145120rwtpw.jpg,0.5,"CỬA HÀNG NĂM OÁNH|||Thôn Phú Thuy, Xã Phú Thị, Huyện Gia Lâm, TP Hà Nội|||Ngày: 12-08-2020|||Cộng tiền hàng|||42,000"
mcocr_private_145121kpago.jpg,0.5,"Vincommerce|||VM+ QNH DỰ ÁN KDC LẦN BIÊN CỌC 6|||DA khu DCLB cọc 8, P. Câm Sơn|||TP. Câm Phà, T. Quang Ninh|||Ngày bán:14/08/2020 17:50|||TỔNG TIỀN PHẢI T.TOÁN|||12.800"
mcocr_private_145121lawdy.jpg,0.5,TRONG SCTC CỘ THỎ 104 TRẦN PHÚ - CẤM THẾ|||PHÁ|||Thuận 104 Trần Phú Phường Cẩm Tây Thành phố Căm Thuận|||Phá - Quáng Ninh|||08/08/2020 (08:22 CH)|||Tổng thanh toán|||110.000
mcocr_private_145121leefz.jpg,0.5,"MINIMART ANANA|||Thu Chợ Sũi Phú Thị Gia Làm Thị|||Ngày: 12/08/2020-11:33|||Tổng cộng|||141,000"
mcocr_private_145121lejvk.jpg,0.5,"Vincommerce|||Và VM+ QNH 690 Trần Phú Trị|||Số 590 Trần Phú, P. Cầm Thuy|||19 TP. Cảm Phả, Quảng Ninh Trị|||Ngày:14/08/2020|||Thời gian:08:30|||"
mcocr_private_145121lfqob.jpg,0.5,"Vincommerce|||VM+ QNH Tô7, Khu Minh Tiền A|||Tố7, Khu Minh Tiền A|||P. Cầm Bình, TP. Cầm Phà, QNH|||Ngày:13/08/2020|||Thời gian:16:18|||"
mcocr_private_145121lhsvo.jpg,0.5,"Saigon Co.op|||Co.op Food HN THE K-PARK|||Tang 1, SH42 - Toa K3, Cong trinh chung cu|||ket hop dich vu tren o dat H-cr2 thuoc|||Du an Dau tu xay dung Khu nha o Hi Brand|||Ngay: 19/09/2019 18:00:35|||Tong so tien thanh toan:|||29,300.00"
mcocr_private_145121lnerw.jpg,0.5,"|||TRUNG, 1%M, THƯƠNG . MẠI AEON - HÀ ĐỒNG|||SỐ GIAO DỊCH: 0090074 18:24 12/08/2020|||TỔNG THANH TOÁN|||696.950"
mcocr_private_145121lomnx.jpg,0.5,"|||10 Tu Ha Dong, Tp Ha Noi|||Ngay: 17/09/2019 11:14:04|||Tong so tien thanh toan:|||19,000.00"
mcocr_private_145121lvehe.jpg,0.5,"Vincommerce|||VM+ QNH 112 Thanh Niên|||TP. Cầm Phá, Quảng Ninh|||Ngày bản:11/08/2020 21:53|||TỔNG TIỀN PHẢI T. TOÁN|||61.000"
mcocr_private_145121mihjo.jpg,0.5,ĐÃ NHÀ SÁCH GD-TC CẨM PHẢI|||Đc: 212 Đường Trần Phú-Cẩm Phả|||Thời gian:20:21:36 - 14/08/2020|||Tổng số thanh toán:|||-64.000
mcocr_private_145121mldik.jpg,0.5,"Vincommerce|||VM+ QNH Tổ 7, Khu Minh Tiền A|||T6 7, Khu Minh Tiền A|||P. Cầm Bình, TP. Cầm Pha, QNH|||Ngày bán:13/08/2020 19:49|||TỔNG TIỀN PHẢI T.TOÁN|||28.000"
mcocr_private_145121mncbm.jpg,0.5,"|||CAN HIA QUNG NINH|||01/7/2020|||TỔNG CỘNG:|||UND186, 100"
mcocr_private_145121mpsix.jpg,0.5,"Phúc Anh Minimart|||248 Cổ Bi - Gia Lâm - Hà Nội|||Ngày: 11-08-2020|||Khách phải trả|||88,000"
mcocr_private_145121muyjp.jpg,0.5,"TÊN ĐẠI LÝ:|||1940-1062 TRẦN NŨ,P.C|||NGUYỄN THAI|||12/6/220 69:33:40|||TỔNG|||1993.665 Độ"
mcocr_private_145121nbiok.jpg,0.5,||||||NGÀY 10 TIÔNG 107/00/2020 22110|||Tiếng Tiền|||15.539.036
mcocr_private_145121nuxjo.jpg,0.5,NHÀ SÁCH GD-TC CẨM PHẢ|||2012 Đc: 212 Đường Trần Phú-Cẩm Phả|||Thời gian:20:08:56 - 14/08/2020|||Tổng số thanh toán:|||25.000
mcocr_private_145121nwwgt.jpg,0.5,"Vincommerce|||VM+ QNH Tò 7, Khu Minh Tiền A|||Tô 7, Khu Minh Tiền A|||P. Cầm Bình, TP. Cầm Phà, QNH|||Ngày bán: 13/08/2020 19:55|||TỔNG TIỀN PHẢI T.TOÁN|||120.327"
mcocr_private_145121nwwip.jpg,0.5,"Vincommerce|||VM+ QNH T67, Khu Mình Tiền A|||P. Cảm Bình, TP. Cầm Phà, OHN|||Ngày bán:13/08/2020 14:40|||TỔNG TIỀN PHẢI T.TOÁN|||TỔNG TIỀN Á GIÃM|||42.576|||70.419"
